name,win_ratio,total_fights,sub_win_ratio,point_win_ratio,decision_win_ratio,n_editions_competed,scored_points_per_fight,suffered_points_per_fight,fights_per_edition,favorite_target,most_vulnerable,n_weight_classes,main_weight_class,avg_match_importance,highest_match_importance,open_weight_ratio,n_titles,champion,custom_score,n_different_subs,fought_superfight,total_wins,debut_year,female
Murilo Santana,0.45454545454545453,11.0,0.18181818181818182,0.18181818181818182,0.09090909090909091,7.0,-0.2727272727272727,0.0,1.5714285714285714,Arm,Neck,2,2.0,0.8181818181818182,3,0.36363636363636365,0,0,-0.16569883500376592,1,0,5.0,2009,0
Nicholas Meregali,0.75,8.0,0.125,0.25,0.25,2.0,0.125,-0.375,4.0,Arm,No specific vulnerability,1,3.0,1.625,4,0.5,0,0,1.977329532845904,1,0,6.0,2022,0
Nick Rodriguez,0.7,10.0,0.1,0.4,0.2,4.0,2.3,-0.2,2.5,Neck,Leg,1,4.0,1.5,4,0.2,0,0,0.8546283656125578,1,0,7.0,2019,0
Otavio Sousa,0.625,8.0,0.375,0.125,0.125,4.0,-0.75,0.5,2.0,Neck,Neck,1,1.0,1.625,4,0.0,0,0,0.5679812590848949,2,0,5.0,2013,0
Orlando Sanchez,0.6923076923076923,13.0,0.15384615384615385,0.15384615384615385,0.38461538461538464,8.0,-0.38461538461538464,-0.46153846153846156,1.625,Neck,Other/Unknown,1,4.0,1.2307692307692308,4,0.0,1,1,0.42465770582106355,2,0,9.0,2013,0
Pablo Mantovani,0.5,6.0,0.0,0.3333333333333333,0.16666666666666666,4.0,2.0,1.1666666666666667,1.5,No specific target,No specific vulnerability,1,0.0,1.1666666666666667,3,0.0,0,0,-0.02920021284773601,0,0,3.0,2017,0
Pablo Popovitch,0.7307692307692307,26.0,0.11538461538461539,0.5769230769230769,0.038461538461538464,12.0,0.2692307692307692,-0.5769230769230769,2.1666666666666665,Neck,Other/Unknown,2,1.0,1.5384615384615385,4,0.15384615384615385,1,1,0.8466659459867893,2,0,19.0,2003,0
Paul Schreiner,0.5,4.0,0.0,0.5,0.0,2.0,1.25,-0.5,2.0,No specific target,Arm,1,1.0,1.5,3,0.0,0,0,0.30522141143453735,0,0,2.0,2022,0
Paulo Miyao,0.75,8.0,0.0,0.75,0.0,4.0,4.75,0.125,2.0,No specific target,No specific vulnerability,1,0.0,1.5,3,0.0,0,0,0.7351920712260316,0,0,6.0,2017,0
Rida Haisam,0.3333333333333333,3.0,0.3333333333333333,0.0,0.0,2.0,-0.6666666666666666,0.0,1.5,Arm,Other/Unknown,1,4.0,0.3333333333333333,1,0.3333333333333333,0,0,-0.36362183713000934,1,0,1.0,2022,0
Roberto Abreu,0.6896551724137931,29.0,0.10344827586206896,0.5172413793103449,0.06896551724137931,13.0,0.10344827586206896,-0.27586206896551724,2.230769230769231,Arm,Arm,1,4.0,1.4482758620689655,5,0.3103448275862069,1,1,0.8748406615856623,2,0,20.0,2009,0
Roberto Jimenez,0.3333333333333333,3.0,0.3333333333333333,0.0,0.0,2.0,0.0,3.6666666666666665,1.5,Neck,Leg,1,1.0,0.3333333333333333,1,0.3333333333333333,0,0,-0.36362183713000934,1,0,1.0,2022,0
Robson Moura,0.625,8.0,0.125,0.375,0.125,4.0,0.125,-0.375,2.0,Neck,Neck,1,0.0,1.5,3,0.0,0,0,0.5202067413302844,1,0,5.0,2001,0
Rodolfo Vieira,0.8,10.0,0.4,0.3,0.1,4.0,1.0,-0.4,2.5,Neck,Leg,1,3.0,1.3,4,0.3,1,1,0.8785156244898631,4,0,8.0,2011,0
Rodrigo Medeiros,0.375,8.0,0.0,0.375,0.0,4.0,1.625,1.25,2.0,No specific target,Neck,2,2.0,0.875,3,0.5,0,0,-0.053087471725041246,0,0,3.0,2000,0
Roger Gracie,0.9230769230769231,13.0,0.6153846153846154,0.3076923076923077,0.0,4.0,0.3076923076923077,-0.5384615384615384,3.25,Neck,No specific vulnerability,1,3.0,1.9230769230769231,5,0.38461538461538464,3,1,3.362790547729608,4,0,12.0,2003,0
Romulo Barral,0.5555555555555556,18.0,0.3333333333333333,0.2222222222222222,0.0,10.0,-0.8333333333333334,-0.4444444444444444,1.8,Leg,Neck,2,2.0,1.1666666666666667,4,0.05555555555555555,1,1,0.29566650788361526,4,0,10.0,2007,0
Ronaldo Souza,0.7857142857142857,14.0,0.42857142857142855,0.35714285714285715,0.0,6.0,1.2857142857142858,-0.07142857142857142,2.3333333333333335,Arm,Neck,1,2.0,2.2142857142857144,5,0.42857142857142855,2,1,2.2799014786251037,4,0,11.0,2003,0
Roosevelt Sousa,0.6666666666666666,3.0,0.3333333333333333,0.3333333333333333,0.0,2.0,0.0,-0.6666666666666666,1.5,Leg,Leg,1,4.0,1.0,2,0.0,0,0,-0.12474924835695696,1,0,2.0,2022,0
Adam Wardzinski,0.5,2.0,0.0,0.0,0.5,2.0,-1.0,-1.0,1.0,No specific target,Neck,1,2.0,0.5,1,0.0,0,0,-0.36362183713000934,0,0,1.0,2019,0
Braulio Estima,0.75,16.0,0.5,0.1875,0.0,6.0,-0.75,-0.9375,2.6666666666666665,Neck,Neck,2,3.0,1.9375,5,0.4375,3,1,2.5346989066496928,5,0,12.0,2005,0
Celso Vinicius,0.4,5.0,0.0,0.2,0.2,4.0,0.2,0.8,1.25,No specific target,No specific vulnerability,1,1.0,0.4,1,0.2,0,0,-0.36362183713000934,0,0,2.0,2017,0
Claudio Calasans,0.5833333333333334,12.0,0.16666666666666666,0.08333333333333333,0.3333333333333333,6.0,-0.6666666666666666,0.9166666666666666,2.0,Leg,Neck,2,1.0,1.5833333333333333,5,0.4166666666666667,1,1,0.9103653029929367,2,0,7.0,2011,0
Bruno Frazatto,0.42857142857142855,7.0,0.14285714285714285,0.14285714285714285,0.14285714285714285,4.0,-0.14285714285714285,1.1428571428571428,1.75,Neck,No specific vulnerability,1,0.0,1.0,4,0.14285714285714285,0,0,0.20967237592531637,1,0,3.0,2011,0
Craig Jones,0.6428571428571429,14.0,0.5714285714285714,0.0,0.07142857142857142,6.0,-0.7142857142857143,1.3571428571428572,2.3333333333333335,Neck,Neck,2,2.0,1.5,4,0.14285714285714285,0,0,0.6714927142198844,6,0,9.0,2017,0
Brianna Ste-Marie,0.6666666666666666,3.0,0.0,0.6666666666666666,0.0,2.0,2.3333333333333335,3.3333333333333335,1.5,No specific target,No specific vulnerability,1,0.0,2.3333333333333335,4,0.0,0,0,0.8307411067352526,0,0,2.0,2022,1
Dante Leon,0.625,8.0,0.25,0.25,0.125,4.0,0.125,-0.375,2.0,Arm,Leg,1,1.0,1.5,3,0.0,0,0,0.5202067413302844,1,0,5.0,2019,0
Davi Ramos,1.0,4.0,0.75,0.25,0.0,1.0,0.0,0.0,4.0,Neck,No specific vulnerability,1,1.0,1.75,4,0.0,1,1,3.60166313650266,2,0,4.0,2015,0
David Terrell,0.75,4.0,0.25,0.5,0.0,2.0,-1.0,-1.0,2.0,Leg,No specific vulnerability,1,2.0,1.5,3,0.0,0,0,0.7351920712260316,1,0,3.0,2003,0
Demian Maia,0.875,8.0,0.125,0.75,0.0,3.0,0.25,-0.5,2.6666666666666665,Arm,No specific vulnerability,1,2.0,1.75,4,0.0,1,1,1.7543817833243887,1,0,7.0,2005,0
Diego Oliveira,0.75,4.0,0.5,0.25,0.0,2.0,-0.75,-0.75,2.0,Leg,No specific vulnerability,1,0.0,1.5,3,0.0,0,0,0.7351920712260316,2,0,3.0,2022,0
Diogo Reis,1.0,4.0,0.0,0.75,0.25,1.0,0.0,0.0,4.0,No specific target,No specific vulnerability,1,0.0,1.75,4,0.0,1,1,3.60166313650266,0,0,4.0,2022,0
Eddie Bravo,0.6666666666666666,3.0,0.6666666666666666,0.0,0.0,2.0,-0.6666666666666666,4.666666666666667,1.5,Neck,No specific vulnerability,1,0.0,1.0,2,0.0,0,0,-0.12474924835695696,2,0,2.0,2003,0
Dean Lister,0.6785714285714286,28.0,0.5714285714285714,0.10714285714285714,0.0,12.0,-0.4642857142857143,0.17857142857142858,2.3333333333333335,Leg,No specific vulnerability,2,3.0,1.3214285714285714,5,0.42857142857142855,3,1,1.0218391777536946,8,0,19.0,2001,0
DeAlonzio Jackson,0.4,5.0,0.0,0.2,0.2,5.0,0.4,0.0,1.0,No specific target,No specific vulnerability,1,1.0,0.4,1,0.0,0,0,-0.37317674068093143,0,0,2.0,2013,0
Gabriel Arges,0.5,2.0,0.0,0.5,0.0,2.0,2.0,-0.5,1.0,No specific target,No specific vulnerability,1,2.0,0.5,1,0.0,0,0,-0.36362183713000934,0,0,1.0,2019,0
Gabriel Sousa,0.75,4.0,0.25,0.25,0.25,2.0,0.75,0.25,2.0,Neck,No specific vulnerability,1,0.0,1.75,4,0.0,0,0,0.8307411067352526,1,0,3.0,2022,0
Gary Tonon,0.4444444444444444,18.0,0.2777777777777778,0.16666666666666666,0.0,9.0,-0.4444444444444444,0.3888888888888889,2.0,Leg,Neck,1,1.0,0.8888888888888888,3,0.2777777777777778,0,0,0.04511570365943583,3,0,8.0,2013,0
Giancarlo Bodoni,0.8333333333333334,6.0,0.6666666666666666,0.16666666666666666,0.0,2.0,0.6666666666666666,0.3333333333333333,3.0,Neck,No specific vulnerability,1,2.0,1.3333333333333333,4,0.3333333333333333,1,1,1.6429079085636307,4,0,5.0,2022,0
Gianni Grippo,0.3333333333333333,3.0,0.0,0.3333333333333333,0.0,3.0,0.6666666666666666,2.3333333333333335,1.0,No specific target,No specific vulnerability,1,0.0,0.3333333333333333,1,0.0,0,0,-0.37954667638154616,0,0,1.0,2015,0
Gilbert Burns,0.75,4.0,0.25,0.5,0.0,2.0,1.5,-0.5,2.0,Arm,Neck,1,1.0,1.5,3,0.0,0,0,0.7351920712260316,1,0,3.0,2015,0
Gordon Ryan,0.9523809523809523,21.0,0.7142857142857143,0.14285714285714285,0.09523809523809523,4.0,-0.2857142857142857,-0.5238095238095238,5.25,Neck,No specific vulnerability,3,2.0,1.9047619047619047,5,0.42857142857142855,5,1,5.417094811177859,7,0,20.0,2017,0
Justin Rader,0.625,8.0,0.0,0.5,0.125,6.0,-0.5,-0.875,1.3333333333333333,No specific target,Neck,2,0.0,1.0,3,0.0,0,0,0.002649465655337614,0,0,5.0,2009,0
Keenan Cornelius,0.75,16.0,0.25,0.4375,0.0625,6.0,1.6875,-0.25,2.6666666666666665,Leg,Neck,1,2.0,1.625,4,0.25,0,0,1.1810875702690629,4,0,12.0,2013,0
Kron Gracie,0.8,10.0,0.7,0.1,0.0,5.0,-0.8,-0.6,2.0,Neck,Neck,1,1.0,1.4,4,0.0,1,1,0.868960720938941,3,0,8.0,2009,0
Lucas Lepri,0.6666666666666666,12.0,0.08333333333333333,0.4166666666666667,0.16666666666666666,8.0,1.5833333333333333,0.3333333333333333,1.5,Neck,Arm,1,1.0,1.3333333333333333,4,0.0,0,0,0.23355963480262162,1,0,8.0,2013,0
Lucas Daniel Barbosa,0.7142857142857143,7.0,0.0,0.42857142857142855,0.2857142857142857,4.0,1.4285714285714286,0.0,1.75,No specific target,Neck,2,2.0,1.4285714285714286,4,0.0,0,0,0.3529959291891478,0,0,5.0,2019,0
Matheus Diniz,0.8333333333333334,6.0,0.0,0.6666666666666666,0.16666666666666666,3.0,1.8333333333333333,-0.3333333333333333,2.0,No specific target,Neck,1,2.0,1.3333333333333333,4,0.0,1,1,0.9581398207475472,0,0,5.0,2019,0
Matheus Gabriel Barros,0.5,2.0,0.0,0.0,0.5,2.0,-1.0,-1.0,1.0,No specific target,No specific vulnerability,1,0.0,0.5,1,0.0,0,0,-0.36362183713000934,0,0,1.0,2019,0
Marcio Feitosa,0.7272727272727273,11.0,0.09090909090909091,0.6363636363636364,0.0,6.0,-0.45454545454545453,-0.8181818181818182,1.8333333333333333,Arm,Neck,1,1.0,1.3636363636363635,4,0.0,1,1,0.703342392722958,1,0,8.0,2000,0
Marcus Almeida,0.8181818181818182,22.0,0.36363636363636365,0.45454545454545453,0.0,6.0,0.5,-0.09090909090909091,3.6666666666666665,Leg,Neck,1,4.0,1.6818181818181819,4,0.5,2,1,2.2321269608704934,5,0,18.0,2013,0
Rafael Mendes,0.9166666666666666,12.0,0.5,0.4166666666666667,0.0,4.0,-0.16666666666666666,-0.8333333333333334,3.0,Neck,No specific vulnerability,1,0.0,1.75,4,0.0,2,1,2.2162021216189562,5,0,11.0,2009,0
Renato Forasieppi Canuto,0.5,4.0,0.0,0.5,0.0,4.0,1.5,-0.25,1.0,No specific target,Arm,1,1.0,0.5,1,0.0,0,0,-0.36362183713000934,0,0,2.0,2019,0
Ryan Hall,0.6,5.0,0.0,0.6,0.0,4.0,0.4,0.8,1.25,No specific target,Neck,1,0.0,1.0,3,0.0,0,0,0.06634882266148495,0,0,3.0,2009,0
Tye Ruotolo,0.5,8.0,0.125,0.25,0.125,4.0,0.0,0.375,2.0,Neck,Neck,2,2.0,1.125,3,0.375,0,0,0.09023608153879019,1,0,4.0,2019,0
Tim Spriggs,0.5,6.0,0.3333333333333333,0.16666666666666666,0.0,4.0,0.3333333333333333,-0.6666666666666666,1.5,Neck,Neck,2,3.0,0.5,1,0.3333333333333333,0,0,-0.3397345782527041,1,0,3.0,2017,0
Patrick Gaudio,0.4,5.0,0.0,0.4,0.0,3.0,1.4,-0.6,1.6666666666666667,No specific target,Leg,1,3.0,0.4,1,0.4,0,0,-0.3476969978784725,0,0,2.0,2019,0
Yuri Simoes,0.8421052631578947,19.0,0.10526315789473684,0.5263157894736842,0.21052631578947367,7.0,0.7894736842105263,-0.10526315789473684,2.7142857142857144,Neck,No specific vulnerability,3,3.0,1.368421052631579,4,0.3684210526315789,3,1,1.4176851820061813,2,0,16.0,2015,0
Geovanny Martinez,0.375,8.0,0.125,0.25,0.0,6.0,0.75,1.0,1.3333333333333333,Arm,Leg,1,0.0,0.875,3,0.0,0,0,-0.15659892686003063,1,0,3.0,2015,0
Jared Dopp,0.5333333333333333,15.0,0.06666666666666667,0.4,0.06666666666666667,7.0,-0.3333333333333333,-0.4666666666666667,2.142857142857143,Neck,Neck,1,4.0,1.2666666666666666,4,0.13333333333333333,0,0,0.3529959291891478,1,0,8.0,2013,0
Mahamed Aly,0.45454545454545453,11.0,0.09090909090909091,0.36363636363636365,0.0,4.0,-0.09090909090909091,-0.2727272727272727,2.75,Leg,Leg,1,3.0,1.1818181818181819,3,0.7272727272727273,0,0,0.32910867031184254,1,0,5.0,2017,0
Mansher Khera,0.5,2.0,0.0,0.5,0.0,2.0,0.5,-0.5,1.0,No specific target,No specific vulnerability,1,1.0,0.5,1,0.0,0,0,-0.36362183713000934,0,0,1.0,2017,0
Abdurakhman Bilarov,0.5,2.0,0.0,0.5,0.0,2.0,2.5,2.5,1.0,No specific target,No specific vulnerability,1,3.0,0.5,1,0.0,0,0,-0.36362183713000934,0,0,1.0,2017,0
AJ Agazarm,0.4444444444444444,9.0,0.0,0.2222222222222222,0.2222222222222222,6.0,-0.2222222222222222,-0.3333333333333333,1.5,No specific target,Neck,2,1.0,0.8888888888888888,4,0.1111111111111111,0,0,0.018574304906874468,0,0,4.0,2013,0
Alexandre Ribeiro,0.6976744186046512,43.0,0.3023255813953488,0.3488372093023256,0.023255813953488372,15.0,0.09302325581395349,-0.3488372093023256,2.8666666666666667,Arm,Neck,2,3.0,1.4186046511627908,4,0.3488372093023256,2,1,1.1364980203647597,6,0,30.0,2003,0
Amy Campo,1.0,3.0,0.0,1.0,0.0,1.0,0.0,0.0,3.0,No specific target,No specific vulnerability,1,4.0,2.3333333333333335,4,0.0,1,1,3.60166313650266,0,0,3.0,2022,1
Andre Galvao,0.8148148148148148,27.0,0.18518518518518517,0.5925925925925926,0.037037037037037035,10.0,1.6296296296296295,-0.37037037037037035,2.7,Leg,Neck,2,2.0,2.185185185185185,5,0.5555555555555556,6,1,3.2576866086694647,4,0,22.0,2007,0
Augusto Mendes,0.6923076923076923,13.0,0.23076923076923078,0.3076923076923077,0.15384615384615385,8.0,0.0,-0.7692307692307693,1.625,Leg,Leg,2,1.0,1.1538461538461537,4,0.0,1,1,0.4007704469437583,3,0,9.0,2011,0
Baret Yoshida,0.5,22.0,0.4090909090909091,0.09090909090909091,0.0,14.0,-0.09090909090909091,0.36363636363636365,1.5714285714285714,Neck,No specific vulnerability,1,0.0,1.0,4,0.09090909090909091,0,0,0.1209482715238969,4,0,11.0,1999,0
Elder Cruz,0.3333333333333333,3.0,0.0,0.0,0.3333333333333333,2.0,0.3333333333333333,2.3333333333333335,1.5,No specific target,No specific vulnerability,1,3.0,0.3333333333333333,1,0.3333333333333333,0,0,-0.36362183713000934,0,0,1.0,2022,0
Fabricio Andrey,0.3333333333333333,3.0,0.0,0.0,0.3333333333333333,2.0,-1.0,-1.0,1.5,No specific target,Neck,1,0.0,0.3333333333333333,1,0.3333333333333333,0,0,-0.36362183713000934,0,0,1.0,2022,0
Fabricio Werdum,0.7692307692307693,26.0,0.3076923076923077,0.46153846153846156,0.0,9.0,0.3076923076923077,-0.19230769230769232,2.888888888888889,Arm,Neck,1,4.0,1.4230769230769231,4,0.3076923076923077,1,1,1.2023206892711118,4,0,20.0,2003,0
Ffion Davies,0.8333333333333334,6.0,0.3333333333333333,0.5,0.0,3.0,4.166666666666667,-0.5,2.0,Arm,Leg,1,0.0,2.3333333333333335,4,0.0,1,1,1.7543817833243887,2,0,5.0,2019,1
Felipe Pena,0.7222222222222222,18.0,0.2222222222222222,0.4444444444444444,0.05555555555555555,7.0,3.111111111111111,0.16666666666666666,2.5714285714285716,Neck,No specific vulnerability,2,3.0,1.6666666666666667,5,0.3888888888888889,1,1,1.3084862842813574,3,0,13.0,2015,0
Jackson Sousa,0.6666666666666666,6.0,0.0,0.16666666666666666,0.5,4.0,-0.6666666666666666,-0.16666666666666666,1.5,No specific target,No specific vulnerability,1,3.0,1.1666666666666667,3,0.0,0,0,0.18578511704801115,0,0,4.0,2017,0
James Puopolo,0.3333333333333333,3.0,0.0,0.3333333333333333,0.0,3.0,0.6666666666666666,0.3333333333333333,1.0,No specific target,Leg,1,3.0,0.3333333333333333,1,0.0,0,0,-0.37954667638154616,0,0,1.0,2013,0
Jake Shields,0.6,5.0,0.2,0.4,0.0,3.0,1.6,1.8,1.6666666666666667,Neck,No specific vulnerability,1,1.0,1.2,3,0.0,0,0,0.3529959291891478,1,0,3.0,2005,0
Jean Jacques Machado,0.7333333333333333,15.0,0.6,0.13333333333333333,0.0,6.0,0.0,-0.6,2.5,Neck,No specific vulnerability,1,1.0,1.8,5,0.3333333333333333,1,1,1.4995843552997992,4,0,11.0,1999,0
Joao Miyao,0.5,4.0,0.5,0.0,0.0,2.0,-0.75,-0.25,2.0,Leg,No specific vulnerability,1,0.0,1.5,3,0.0,0,0,0.30522141143453735,2,0,2.0,2013,0
Joao Gabriel Rocha,0.6,15.0,0.06666666666666667,0.4666666666666667,0.06666666666666667,5.0,1.2666666666666666,-0.6,3.0,Neck,Leg,1,4.0,1.4,4,0.4,0,0,0.8880705280407851,1,0,9.0,2013,0
Joao Assis,0.7142857142857143,14.0,0.35714285714285715,0.2857142857142857,0.0,7.0,0.8571428571428571,0.21428571428571427,2.0,Leg,Leg,1,3.0,1.2857142857142858,4,0.07142857142857142,1,1,0.6123433112856046,4,0,10.0,2011,0
Jon Blank,0.4,5.0,0.2,0.0,0.2,2.0,-0.8,-0.2,2.5,Leg,Neck,1,2.0,1.2,3,0.2,0,0,0.30522141143453735,1,0,2.0,2019,0
Jose Mario Sperry,0.8181818181818182,11.0,0.2727272727272727,0.45454545454545453,0.09090909090909091,6.0,0.36363636363636365,-0.18181818181818182,1.8333333333333333,Arm,No specific vulnerability,1,3.0,2.727272727272727,5,0.5454545454545454,4,1,3.20354215521424,3,0,9.0,1998,0
Josh Hinger,0.6666666666666666,6.0,0.3333333333333333,0.3333333333333333,0.0,4.0,0.6666666666666666,1.6666666666666667,1.5,Neck,No specific vulnerability,1,2.0,1.1666666666666667,3,0.0,0,0,0.18578511704801115,2,0,4.0,2019,0
Joshua Cisneros,0.5,4.0,0.25,0.0,0.25,2.0,-0.5,0.0,2.0,Arm,No specific vulnerability,1,0.0,1.5,3,0.0,0,0,0.30522141143453735,1,0,2.0,2022,0
Jonathan Torres,0.8,15.0,0.06666666666666667,0.6,0.13333333333333333,8.0,0.8666666666666667,0.13333333333333333,1.875,Neck,Arm,1,1.0,1.2666666666666666,4,0.0,2,1,0.6874175534714212,1,0,12.0,2011,0
Kade Ruotolo,1.0,4.0,1.0,0.0,0.0,1.0,0.0,0.0,4.0,Arm,No specific vulnerability,1,1.0,1.75,4,0.0,1,1,3.60166313650266,2,0,4.0,2022,0
Kaynan Duarte,0.8888888888888888,9.0,0.1111111111111111,0.5555555555555556,0.2222222222222222,3.0,3.0,-0.2222222222222222,3.0,Neck,Leg,2,3.0,1.5555555555555556,4,0.1111111111111111,2,1,2.263976639373567,1,0,8.0,2019,0
Kennedy Maciel,0.6666666666666666,6.0,0.5,0.16666666666666666,0.0,4.0,-0.3333333333333333,-0.16666666666666666,1.5,Neck,Leg,2,0.0,1.3333333333333333,4,0.0,0,0,0.23355963480262162,2,0,4.0,2019,0
Kyle Boehm,0.5,2.0,0.0,0.0,0.5,2.0,-1.0,-1.0,1.0,No specific target,Neck,1,3.0,0.5,1,0.0,0,0,-0.36362183713000934,0,0,1.0,2022,0
Lachlan Giles,0.3333333333333333,9.0,0.3333333333333333,0.0,0.0,5.0,-0.6666666666666666,-0.1111111111111111,1.8,Leg,Arm,1,1.0,0.6666666666666666,3,0.5555555555555556,0,0,0.04723901555964074,1,0,3.0,2015,0
Leonardo Santos,0.5,10.0,0.1,0.4,0.0,6.0,-0.2,-0.7,1.6666666666666667,Arm,Neck,1,1.0,1.3,3,0.1,0,0,0.22559721517685324,1,0,5.0,2001,0
Leonardo Vieira,0.7,30.0,0.2,0.4666666666666667,0.03333333333333333,15.0,1.4333333333333333,-0.23333333333333334,2.0,Neck,Neck,2,1.0,1.5333333333333334,5,0.06666666666666667,2,1,0.7925214925315641,5,0,21.0,2000,0
Marcelo Garcia,0.84375,32.0,0.71875,0.09375,0.0,9.0,-0.5,-0.5625,3.5555555555555554,Neck,Neck,1,1.0,1.5625,4,0.375,4,1,2.2002772823674195,7,0,27.0,2003,0
Marcio Cruz,0.6818181818181818,22.0,0.22727272727272727,0.45454545454545453,0.0,10.0,-0.45454545454545453,-0.4090909090909091,2.2,Arm,Leg,2,4.0,1.2727272727272727,4,0.2727272727272727,1,1,0.6205332286149665,4,0,15.0,2001,0
Mason Fowler,0.5,4.0,0.25,0.0,0.25,4.0,-1.0,-1.0,1.0,Neck,Neck,1,2.0,0.5,1,0.0,0,0,-0.36362183713000934,1,0,2.0,2019,0
Matt Serra,0.75,4.0,0.5,0.25,0.0,2.0,-1.0,-1.0,2.0,Neck,No specific vulnerability,1,1.0,1.75,4,0.0,0,0,0.8307411067352526,1,0,3.0,2001,0
Micael Galvao,0.75,4.0,0.25,0.5,0.0,2.0,1.25,-0.5,2.0,Arm,Leg,1,1.0,1.75,4,0.0,0,0,0.8307411067352526,1,0,3.0,2022,0
Rafael Lovato Jr,0.5384615384615384,26.0,0.2692307692307692,0.2692307692307692,0.0,14.0,-0.11538461538461539,-0.5769230769230769,1.8571428571428572,Neck,Leg,2,2.0,1.3076923076923077,4,0.07692307692307693,0,0,0.19602251370971335,4,0,14.0,2007,0
Rafaela Guedes,0.6666666666666666,3.0,0.0,0.3333333333333333,0.0,2.0,1.3333333333333333,0.6666666666666666,1.5,No specific target,No specific vulnerability,1,4.0,2.3333333333333335,4,0.0,0,0,0.8307411067352526,0,0,2.0,2022,1
Rany Yahya,0.7692307692307693,13.0,0.38461538461538464,0.38461538461538464,0.0,7.0,-0.6153846153846154,0.38461538461538464,1.8571428571428572,Neck,Arm,1,0.0,1.3846153846153846,4,0.0,1,1,0.6123433112856046,4,0,10.0,2003,0
Renzo Gracie,0.7333333333333333,15.0,0.2,0.4666666666666667,0.06666666666666667,9.0,0.6,0.6666666666666666,1.6666666666666667,Neck,No specific vulnerability,2,1.0,1.4,5,0.06666666666666667,2,1,0.7670417497291053,2,0,11.0,1998,0
Ricardo Almeida,0.631578947368421,19.0,0.3684210526315789,0.2631578947368421,0.0,8.0,-0.10526315789473684,0.10526315789473684,2.375,Neck,Leg,2,3.0,1.368421052631579,4,0.3684210526315789,0,0,0.6635302945941159,6,0,12.0,1999,0
Ricardo Arona,1.0,13.0,0.15384615384615385,0.8461538461538461,0.0,1.0,0.0,0.0,13.0,Leg,No specific vulnerability,1,3.0,2.0,5,0.38461538461538464,4,1,16.40523389473827,2,0,13.0,2000,0
Ricardo Liborio,0.7,10.0,0.2,0.4,0.0,6.0,2.8,-0.3,1.6666666666666667,Neck,No specific vulnerability,1,2.0,1.4,4,0.0,0,0,0.4007704469437583,2,0,7.0,1999,0
Richard Alarcon,0.5,2.0,0.0,0.5,0.0,2.0,2.0,1.0,1.0,No specific target,No specific vulnerability,1,0.0,0.5,1,0.0,0,0,-0.36362183713000934,0,0,1.0,2019,0
Rousimar Palhares,0.75,4.0,0.75,0.0,0.0,2.0,0.25,1.5,2.0,Leg,No specific vulnerability,1,2.0,1.75,4,0.0,0,0,0.8307411067352526,1,0,3.0,2011,0
Royler Gracie,0.9333333333333333,15.0,0.3333333333333333,0.6,0.0,5.0,3.7333333333333334,-0.4666666666666667,3.0,Neck,Neck,1,0.0,1.6666666666666667,4,0.0,3,1,2.359525674882788,4,0,14.0,1999,0
Rubens Charles,0.9,20.0,0.35,0.45,0.1,7.0,0.4,-0.65,2.857142857142857,Neck,No specific vulnerability,1,0.0,1.75,4,0.0,3,1,2.0182791194927128,4,0,18.0,2009,0
Sam McNally,0.5,2.0,0.0,0.5,0.0,2.0,1.0,-0.5,1.0,No specific target,No specific vulnerability,1,0.0,0.5,1,0.0,0,0,-0.36362183713000934,0,0,1.0,2022,0
Saulo Ribeiro,0.7333333333333333,30.0,0.13333333333333333,0.5333333333333333,0.06666666666666667,13.0,1.3333333333333333,-0.26666666666666666,2.3076923076923075,Neck,Leg,4,2.0,1.4333333333333333,4,0.13333333333333333,2,1,0.8968904390108671,4,0,22.0,1999,0
Sergio Moraes,0.5,4.0,0.25,0.25,0.0,2.0,-0.5,1.5,2.0,Leg,No specific vulnerability,1,2.0,0.5,1,0.5,0,0,-0.3158473193753989,1,0,2.0,2011,0
Tarsis Humpreys,0.625,8.0,0.25,0.375,0.0,4.0,-1.0,-1.0,2.0,Leg,Neck,1,2.0,1.0,3,0.25,0,0,0.20967237592531637,2,0,5.0,2007,0
Vagner Rocha,0.6470588235294118,17.0,0.11764705882352941,0.23529411764705882,0.29411764705882354,9.0,-0.11764705882352941,-0.29411764705882354,1.8888888888888888,Arm,Leg,2,1.0,1.2352941176470589,4,0.11764705882352941,0,0,0.395462167193246,2,0,11.0,2011,0
Victor Estima,0.5,4.0,0.0,0.5,0.0,2.0,0.75,0.25,2.0,No specific target,Neck,1,1.0,0.5,1,0.5,0,0,-0.3158473193753989,0,0,2.0,2011,0
Victor Hugo,0.5,6.0,0.16666666666666666,0.3333333333333333,0.0,4.0,1.0,2.0,1.5,Neck,No specific vulnerability,1,4.0,0.5,1,0.3333333333333333,0,0,-0.3397345782527041,1,0,3.0,2019,0
Vinicius Ferreira,0.5714285714285714,7.0,0.0,0.42857142857142855,0.14285714285714285,4.0,-0.14285714285714285,-0.14285714285714285,1.75,No specific target,Neck,1,3.0,1.1428571428571428,4,0.14285714285714285,0,0,0.23355963480262162,0,0,4.0,2019,0
Vinicius Magalhaes,0.6551724137931034,29.0,0.3793103448275862,0.27586206896551724,0.0,14.0,-0.13793103448275862,-0.5517241379310345,2.0714285714285716,Leg,No specific vulnerability,2,4.0,1.1379310344827587,4,0.27586206896551724,1,1,0.4417200335905673,5,0,19.0,1999,0
Vitor Ribeiro,0.5714285714285714,7.0,0.14285714285714285,0.42857142857142855,0.0,4.0,0.2857142857142857,-0.7142857142857143,1.75,Neck,Neck,1,1.0,1.1428571428571428,3,0.14285714285714285,0,0,0.20967237592531637,1,0,4.0,2000,0
Bianca Basilio,0.6666666666666666,9.0,0.3333333333333333,0.1111111111111111,0.2222222222222222,5.0,-0.5555555555555556,-0.3333333333333333,1.8,Neck,Neck,1,0.0,2.2222222222222223,4,0.0,1,1,1.1747176345684482,3,0,6.0,2017,1
Max Gimenis,0.3333333333333333,3.0,0.3333333333333333,0.0,0.0,3.0,-1.0,-1.0,1.0,Other/Unknown,Neck,1,4.0,0.3333333333333333,1,0.0,0,0,-0.37954667638154616,1,0,1.0,2019,0
Jeff Glover,0.5454545454545454,11.0,0.36363636363636365,0.18181818181818182,0.0,8.0,-0.8181818181818182,0.18181818181818182,1.375,Neck,No specific vulnerability,1,0.0,1.0909090909090908,3,0.0,0,0,0.018574304906874468,4,0,6.0,2007,0
Jeremy Skinner,0.5,2.0,0.0,0.0,0.5,2.0,-1.0,-1.0,1.0,No specific target,Neck,1,0.0,0.5,1,0.0,0,0,-0.36362183713000934,0,0,1.0,2022,0
Marcelo Mafra,0.5,2.0,0.0,0.5,0.0,2.0,1.0,0.0,1.0,No specific target,No specific vulnerability,1,1.0,0.5,1,0.0,0,0,-0.36362183713000934,0,0,1.0,2017,0
Nicky Ryan,0.25,4.0,0.0,0.25,0.0,4.0,0.5,2.25,1.0,No specific target,No specific vulnerability,1,1.0,0.25,1,0.0,0,0,-0.3875090960073146,0,0,1.0,2017,0
Aaron Johnson,0.3333333333333333,3.0,0.3333333333333333,0.0,0.0,2.0,-0.3333333333333333,1.6666666666666667,1.5,Leg,No specific vulnerability,1,3.0,0.3333333333333333,1,0.6666666666666666,0,0,-0.36362183713000934,1,0,1.0,2019,0
Rigan Machado,0.5,10.0,0.0,0.5,0.0,7.0,0.6,-0.4,1.4285714285714286,No specific target,Neck,2,3.0,1.0,3,0.0,0,0,-0.11109938614135398,0,0,5.0,1999,0
Gabrielle Garcia,0.875,16.0,0.4375,0.3125,0.125,7.0,-0.375,-0.625,2.2857142857142856,Other/Unknown,No specific vulnerability,1,4.0,2.4375,4,0.0,5,1,2.6734725058416564,5,0,14.0,2011,1
Mackenzie Dern,0.75,4.0,0.25,0.25,0.25,2.0,1.0,1.5,2.0,Leg,No specific vulnerability,1,0.0,2.0,4,0.0,1,1,1.6429079085636307,1,0,3.0,2015,1
Antonio Braga Neto,0.25,4.0,0.25,0.0,0.0,3.0,-0.75,-0.25,1.3333333333333333,Neck,Leg,1,3.0,0.25,1,0.25,0,0,-0.37954667638154616,1,0,1.0,2011,0
Lucas Leite,0.5,2.0,0.0,0.5,0.0,2.0,-1.0,-1.0,1.0,No specific target,No specific vulnerability,1,2.0,0.5,1,0.0,0,0,-0.36362183713000934,0,0,1.0,2013,0
Victor Honorio,0.5,4.0,0.25,0.25,0.0,2.0,0.75,2.5,2.0,Other/Unknown,No specific vulnerability,1,4.0,0.5,1,0.5,0,0,-0.3158473193753989,1,0,2.0,2017,0
Ricco Rodriguez,0.625,24.0,0.2916666666666667,0.25,0.08333333333333333,10.0,-0.20833333333333334,-0.5833333333333334,2.4,Arm,Arm,1,4.0,1.2083333333333333,4,0.3333333333333333,1,1,0.6396430357168107,3,0,15.0,1998,0
Dillon Danis,0.25,4.0,0.25,0.0,0.0,3.0,-0.75,-0.75,1.3333333333333333,Neck,Leg,1,1.0,0.25,1,0.5,0,0,-0.37954667638154616,1,0,1.0,2015,0
Alexandre de Freitas,0.6842105263157895,19.0,0.47368421052631576,0.21052631578947367,0.0,9.0,0.21052631578947367,0.42105263157894735,2.111111111111111,Neck,Leg,1,0.0,1.736842105263158,4,0.0,1,1,0.9050570232424245,4,0,13.0,1998,0
Abraham Marte Messina,0.5,2.0,0.5,0.0,0.0,2.0,-0.5,1.0,1.0,Neck,No specific vulnerability,1,4.0,0.5,1,0.0,0,0,-0.36362183713000934,1,0,1.0,2015,0
Antonio Schembri,0.75,4.0,0.5,0.25,0.0,2.0,-1.0,-1.0,2.0,Neck,No specific vulnerability,1,2.0,1.5,3,0.0,0,0,0.7351920712260316,2,0,3.0,2001,0
Amaury Bitetti,0.5,2.0,0.0,0.5,0.0,2.0,2.5,1.0,1.0,No specific target,No specific vulnerability,1,2.0,0.5,1,0.0,0,0,-0.36362183713000934,0,0,1.0,1999,0
Eduardo Telles,0.3333333333333333,3.0,0.3333333333333333,0.0,0.0,2.0,-0.6666666666666666,-0.6666666666666666,1.5,Leg,Arm,1,3.0,0.3333333333333333,1,0.3333333333333333,0,0,-0.36362183713000934,1,0,1.0,2005,0
Ethan Crelinsten,0.3333333333333333,3.0,0.3333333333333333,0.0,0.0,3.0,-0.6666666666666666,0.0,1.0,Neck,Arm,1,0.0,0.3333333333333333,1,0.0,0,0,-0.37954667638154616,1,0,1.0,2017,0
Jorge Patino,0.6,5.0,0.0,0.6,0.0,4.0,6.8,1.8,1.25,No specific target,No specific vulnerability,1,2.0,0.8,2,0.0,0,0,-0.24418554274348317,0,0,3.0,2000,0
Kendall Reusing,0.5,2.0,0.5,0.0,0.0,2.0,-1.0,-1.0,1.0,Neck,No specific vulnerability,1,4.0,1.5,2,0.0,0,0,-0.12474924835695696,1,0,1.0,2022,1
Leonardo Nogueira,0.6,5.0,0.2,0.4,0.0,2.0,-0.8,-0.4,2.5,Neck,Leg,1,3.0,1.2,3,0.2,0,0,0.7351920712260316,1,0,3.0,2013,0
Marcio Andre Barbosa Junior,0.5,2.0,0.0,0.5,0.0,2.0,3.0,1.5,1.0,No specific target,No specific vulnerability,1,0.0,0.5,1,0.0,0,0,-0.36362183713000934,0,0,1.0,2013,0
Pedro Marinho,0.2,5.0,0.0,0.2,0.0,3.0,0.0,0.8,1.6666666666666667,No specific target,Leg,1,2.0,0.2,1,0.4,0,0,-0.37954667638154616,0,0,1.0,2019,0
Ricardo Vieira,0.5,2.0,0.5,0.0,0.0,2.0,-1.0,-1.0,1.0,Neck,Leg,1,0.0,0.5,1,0.0,0,0,-0.36362183713000934,1,0,1.0,2013,0
Roberto Traven,0.7142857142857143,7.0,0.14285714285714285,0.5714285714285714,0.0,3.0,1.8571428571428572,0.14285714285714285,2.3333333333333335,Other/Unknown,No specific vulnerability,1,3.0,1.1428571428571428,4,0.7142857142857143,1,1,0.9581398207475472,1,0,5.0,1999,0
Rodrigo Gracie,0.75,8.0,0.375,0.375,0.0,3.0,1.25,-0.375,2.6666666666666665,Neck,No specific vulnerability,2,1.0,1.625,4,0.0,1,1,1.4040353197905784,3,0,6.0,1998,0
Cassio Francis,0.5,2.0,0.5,0.0,0.0,2.0,-1.0,-1.0,1.0,No specific target,Neck,1,3.0,0.5,1,0.0,0,0,-0.36362183713000934,0,0,1.0,2015,0
Marcio Corleta,0.5,2.0,0.5,0.0,0.0,2.0,-0.5,0.5,1.0,Arm,No specific vulnerability,1,4.0,0.5,1,0.0,0,0,-0.36362183713000934,1,0,1.0,2005,0
Rodrigo Cavaca,0.3333333333333333,3.0,0.0,0.0,0.3333333333333333,3.0,-0.6666666666666666,0.0,1.0,No specific target,Leg,1,4.0,0.3333333333333333,1,0.0,0,0,-0.37954667638154616,0,0,1.0,2009,0
Edward Cummings,0.5,2.0,0.5,0.0,0.0,2.0,-1.0,-1.0,1.0,Leg,No specific vulnerability,1,0.0,0.5,1,0.0,0,0,-0.36362183713000934,1,0,1.0,2015,0
Roberto Magalhaes,0.3333333333333333,3.0,0.0,0.3333333333333333,0.0,2.0,3.0,7.0,1.5,No specific target,No specific vulnerability,1,2.0,0.3333333333333333,1,0.3333333333333333,0,0,-0.36362183713000934,0,0,1.0,2000,0
Gregor Gracie,0.6666666666666666,3.0,0.0,0.6666666666666666,0.0,2.0,0.6666666666666666,0.6666666666666666,1.5,No specific target,No specific vulnerability,1,1.0,1.0,2,0.0,0,0,-0.12474924835695696,0,0,2.0,2009,0
Flavio Almeida,0.5,2.0,0.0,0.5,0.0,2.0,-1.0,-1.0,1.0,No specific target,Arm,1,2.0,3.0,4,0.0,0,0,0.7351920712260316,0,0,1.0,2007,0
Beatriz Mesquita,0.5,4.0,0.25,0.25,0.0,3.0,0.25,1.0,1.3333333333333333,Neck,Arm,1,0.0,2.0,3,0.0,0,0,0.4803946432014425,1,0,2.0,2019,1
Gabriel Rollo,0.5,2.0,0.0,0.5,0.0,2.0,4.0,1.5,1.0,No specific target,No specific vulnerability,1,1.0,0.5,1,0.0,0,0,-0.36362183713000934,0,0,1.0,2015,0
Bianca Mesquita,1.0,1.0,1.0,0.0,0.0,1.0,0.0,0.0,1.0,Neck,No specific vulnerability,1,0.0,4.0,4,0.0,1,1,2.6461727814104505,1,0,1.0,2017,1
Vitor Viana,1.0,1.0,1.0,0.0,0.0,1.0,0.0,0.0,1.0,Neck,No specific vulnerability,1,3.0,0.0,0,0.0,0,0,-0.41139635488461984,1,0,1.0,2005,0
Glover Teixeira,0.3333333333333333,3.0,0.0,0.3333333333333333,0.0,3.0,-1.0,-1.0,1.0,No specific target,Arm,1,3.0,1.6666666666666667,3,0.0,0,0,-0.02920021284773601,0,0,1.0,2009,0
Jessica Oliveira,1.0,1.0,0.0,0.0,1.0,1.0,0.0,0.0,1.0,No specific target,No specific vulnerability,1,4.0,2.0,2,0.0,0,0,0.3529959291891478,0,0,1.0,2015,1
Ruslam Chsiev,1.0,1.0,0.0,0.0,1.0,1.0,0.0,0.0,1.0,No specific target,No specific vulnerability,1,2.0,0.0,0,0.0,0,0,-0.41139635488461984,0,0,1.0,2017,0
Sean Alvarez,0.6666666666666666,3.0,0.0,0.6666666666666666,0.0,3.0,-0.6666666666666666,0.3333333333333333,1.0,No specific target,No specific vulnerability,1,4.0,2.0,4,0.0,0,0,0.22559721517685324,0,0,2.0,1998,0
Mark Kerr,0.8333333333333334,6.0,0.0,0.8333333333333334,0.0,3.0,0.16666666666666666,-0.6666666666666666,2.0,No specific target,No specific vulnerability,1,4.0,3.0,5,0.6666666666666666,2,1,3.506114100993439,0,0,5.0,2000,0
Mark Robinson,1.0,1.0,0.0,1.0,0.0,1.0,0.0,0.0,1.0,No specific target,No specific vulnerability,1,4.0,2.0,2,0.0,0,0,0.3529959291891478,0,0,1.0,2001,0
Vitor Belfort,0.5,2.0,0.0,0.5,0.0,2.0,1.0,1.5,1.0,No specific target,No specific vulnerability,1,,1.5,2,1.0,0,0,-0.12474924835695696,0,0,1.0,2001,0
Gabriel Napao,0.75,4.0,0.25,0.5,0.0,2.0,0.0,-0.5,2.0,Leg,Neck,1,4.0,1.0,2,0.5,0,0,0.11412334041609543,1,0,3.0,2005,0
John Hansen,0.5,4.0,0.0,0.0,0.25,4.0,-0.75,0.75,1.0,No specific target,Neck,1,4.0,0.5,1,0.0,0,0,-0.36362183713000934,0,0,2.0,2019,0
A. Cacareco,0.38461538461538464,13.0,0.23076923076923078,0.15384615384615385,0.0,7.0,-0.07692307692307693,-0.15384615384615385,1.8571428571428572,Leg,Neck,1,3.0,1.7692307692307692,4,0.6923076923076923,0,0,0.5713937246387958,3,0,5.0,2001,0
David Avellan,0.36363636363636365,11.0,0.18181818181818182,0.0,0.18181818181818182,8.0,-0.7272727272727273,0.2727272727272727,1.375,Leg,Neck,1,2.0,0.9090909090909091,3,0.2727272727272727,0,0,-0.07697473060234648,2,0,4.0,2005,0
Eoghan OFlannagan,1.0,1.0,0.0,1.0,0.0,1.0,0.0,0.0,1.0,No specific target,No specific vulnerability,1,2.0,0.0,0,0.0,0,0,-0.41139635488461984,0,0,1.0,2022,0
Ana Carolina Vieira,1.0,1.0,1.0,0.0,0.0,1.0,0.0,0.0,1.0,Neck,No specific vulnerability,1,4.0,1.0,1,0.0,0,0,-0.22029828386617792,1,0,1.0,2019,1
Robert Drysdale,0.5,4.0,0.5,0.0,0.0,3.0,-0.75,1.25,1.3333333333333333,Neck,No specific vulnerability,1,3.0,3.25,5,0.75,1,1,1.7862314618274622,2,0,2.0,2007,0
Garth Taylor,0.3333333333333333,3.0,0.0,0.3333333333333333,0.0,2.0,0.3333333333333333,1.3333333333333333,1.5,No specific target,No specific vulnerability,1,,1.6666666666666667,3,1.0,0,0,0.20967237592531637,0,0,1.0,1999,0
Kareem Barkalev,0.3333333333333333,3.0,0.0,0.3333333333333333,0.0,3.0,0.0,-0.6666666666666666,1.0,No specific target,No specific vulnerability,1,2.0,2.0,4,0.0,0,0,0.19374753667377953,0,0,1.0,1998,0
Sasha Palvski,0.5,2.0,0.0,0.5,0.0,2.0,1.5,-0.5,1.0,No specific target,Neck,1,0.0,1.5,2,0.0,0,0,-0.12474924835695696,0,0,1.0,1999,0
Jeff Monson,0.46153846153846156,13.0,0.0,0.46153846153846156,0.0,9.0,-0.23076923076923078,-0.7692307692307693,1.4444444444444444,No specific target,Arm,2,3.0,1.6153846153846154,4,0.15384615384615385,1,1,0.5653271192096387,0,0,6.0,1999,0
Kamil Uminski,0.3333333333333333,3.0,0.3333333333333333,0.0,0.0,3.0,-0.6666666666666666,0.3333333333333333,1.0,Leg,No specific vulnerability,1,3.0,0.3333333333333333,1,0.0,0,0,-0.37954667638154616,1,0,1.0,2013,0
Chael Sonnen,0.5,2.0,0.0,0.0,0.5,2.0,-1.0,-1.0,1.0,No specific target,Leg,1,,2.5,5,1.0,1,1,1.977329532845904,0,0,1.0,2017,0
Rolles Gracie,0.5,2.0,0.0,0.5,0.0,2.0,-1.0,-1.0,1.0,No specific target,Arm,1,4.0,1.5,2,0.5,0,0,0.018574304906874468,0,0,1.0,2007,0
Eoghan Oflanagan,1.0,1.0,1.0,0.0,0.0,1.0,0.0,0.0,1.0,Leg,No specific vulnerability,1,2.0,1.0,1,0.0,0,0,-0.22029828386617792,1,0,1.0,2022,0
Egan Inoue,0.5,4.0,0.0,0.25,0.25,4.0,0.0,0.25,1.0,No specific target,No specific vulnerability,1,2.0,2.0,3,0.0,0,0,0.11412334041609543,0,0,2.0,1999,0
Murilo Bustamante,0.3333333333333333,3.0,0.0,0.3333333333333333,0.0,2.0,0.6666666666666666,2.6666666666666665,1.5,No specific target,No specific vulnerability,1,3.0,1.3333333333333333,2,0.3333333333333333,0,0,-0.07697473060234648,0,0,1.0,1999,0
Rustam Chsiev,0.3333333333333333,6.0,0.0,0.0,0.3333333333333333,5.0,-1.0,-1.0,1.2,No specific target,Leg,1,2.0,1.3333333333333333,3,0.0,0,0,0.08545862976332916,0,0,2.0,2013,0
Matt Hughes,1.0,1.0,0.0,1.0,0.0,1.0,0.0,0.0,1.0,No specific target,No specific vulnerability,1,3.0,0.0,0,0.0,0,0,-0.41139635488461984,0,0,1.0,2000,0
Sasha Savko,0.5,2.0,0.0,0.5,0.0,2.0,2.0,1.5,1.0,No specific target,No specific vulnerability,1,2.0,2.0,2,0.0,0,0,0.1618978581707059,0,0,1.0,1999,0
Olav Einemo,0.6666666666666666,3.0,0.0,0.3333333333333333,0.0,3.0,0.3333333333333333,0.6666666666666666,1.0,No specific target,No specific vulnerability,1,3.0,1.3333333333333333,2,0.0,0,0,-0.02920021284773601,0,0,2.0,2001,0
Tito Ortiz,0.5,2.0,0.0,0.5,0.0,2.0,1.0,1.0,1.0,No specific target,No specific vulnerability,1,3.0,2.0,2,0.5,0,0,0.1618978581707059,0,0,1.0,2000,0
Kyle Griffin,0.5,2.0,0.0,0.5,0.0,2.0,0.5,-0.5,1.0,No specific target,Neck,1,2.0,0.5,1,0.0,0,0,-0.36362183713000934,0,0,1.0,2011,0
Mike Fowler,0.3333333333333333,3.0,0.3333333333333333,0.0,0.0,2.0,-1.0,-1.0,1.5,Leg,Neck,1,1.0,2.0,3,0.0,0,0,0.30522141143453735,1,0,1.0,2007,0
Sanae Kikuta,0.5,2.0,0.0,0.5,0.0,2.0,1.0,-0.5,1.0,No specific target,No specific vulnerability,1,2.0,2.0,4,0.0,1,1,1.1173882132629154,0,0,1.0,1999,0
Mateusz Szczecinski,1.0,1.0,1.0,0.0,0.0,1.0,0.0,0.0,1.0,Leg,No specific vulnerability,1,1.0,0.0,0,0.0,0,0,-0.41139635488461984,1,0,1.0,2022,0
Nicolas Renier,0.3333333333333333,3.0,0.0,0.3333333333333333,0.0,3.0,-1.0,-1.0,1.0,No specific target,Neck,1,0.0,0.3333333333333333,1,0.0,0,0,-0.37954667638154616,0,0,1.0,2011,0
Oskar Piechota,0.3333333333333333,3.0,0.3333333333333333,0.0,0.0,2.0,-0.6666666666666666,2.0,1.5,Neck,Neck,1,2.0,0.6666666666666666,1,0.3333333333333333,0,0,-0.3158473193753989,1,0,1.0,2013,0
E. Karpinen,1.0,1.0,0.0,1.0,0.0,1.0,0.0,0.0,1.0,No specific target,No specific vulnerability,1,0.0,1.0,1,0.0,0,0,-0.22029828386617792,0,0,1.0,2017,1
Kuba Witkowski,0.5,2.0,0.0,0.5,0.0,2.0,-0.5,-0.5,1.0,No specific target,Arm,1,0.0,0.5,1,0.0,0,0,-0.36362183713000934,0,0,1.0,2017,0
Gunnar Nelson,0.2,5.0,0.0,0.2,0.0,3.0,-0.4,1.2,1.6666666666666667,No specific target,Leg,1,2.0,1.4,3,0.8,0,0,0.06634882266148495,0,0,1.0,2009,0
Hayato Sakurai,0.3333333333333333,3.0,0.3333333333333333,0.0,0.0,2.0,-0.6666666666666666,0.0,1.5,Leg,Neck,1,1.0,2.6666666666666665,4,0.6666666666666666,0,0,0.9262901422444736,1,0,1.0,1999,0
Henrique Cardoso,0.0,1.0,0.0,0.0,0.0,1.0,0.0,0.0,1.0,No specific target,Arm,1,3.0,0.0,0,0.0,0,0,-0.41139635488461984,0,0,0.0,2022,0
Andy Varela,0.0,2.0,0.0,0.0,0.0,1.0,0.0,0.0,2.0,No specific target,Neck,1,1.0,0.0,0,0.5,0,0,-0.41139635488461984,0,0,0.0,2022,0
Thomas Halpin,0.0,1.0,0.0,0.0,0.0,1.0,0.0,0.0,1.0,No specific target,No specific vulnerability,1,0.0,0.0,0,0.0,0,0,-0.41139635488461984,0,0,0.0,2019,0
Tommy Langaker,0.0,1.0,0.0,0.0,0.0,1.0,0.0,0.0,1.0,No specific target,No specific vulnerability,1,1.0,0.0,0,0.0,0,0,-0.41139635488461984,0,0,0.0,2022,0
Michael Perez,0.0,2.0,0.0,0.0,0.0,1.0,0.0,0.0,2.0,No specific target,No specific vulnerability,1,2.0,0.0,0,0.5,0,0,-0.41139635488461984,0,0,0.0,2019,0
Enrico Cocco,0.0,3.0,0.0,0.0,0.0,1.0,0.0,0.0,3.0,No specific target,No specific vulnerability,1,1.0,0.0,0,0.0,0,0,-0.41139635488461984,0,0,0.0,2011,0
Edwin Najmi,0.0,2.0,0.0,0.0,0.0,1.0,0.0,0.0,2.0,No specific target,Leg,1,1.0,0.0,0,0.5,0,0,-0.41139635488461984,0,0,0.0,2019,0
Gabriel Lucas,0.0,2.0,0.0,0.0,0.0,1.0,0.0,0.0,2.0,No specific target,No specific vulnerability,1,4.0,0.0,0,0.5,0,0,-0.41139635488461984,0,0,0.0,2015,0
Jonathan Satava,0.0,1.0,0.0,0.0,0.0,1.0,0.0,0.0,1.0,No specific target,No specific vulnerability,1,1.0,0.0,0,0.0,0,0,-0.41139635488461984,0,0,0.0,2019,0
Keith Krikorian,0.0,3.0,0.0,0.0,0.0,1.0,0.0,0.0,3.0,No specific target,Leg,1,0.0,0.0,0,0.3333333333333333,0,0,-0.41139635488461984,0,0,0.0,2019,0
Leonardo Saggioro,0.0,1.0,0.0,0.0,0.0,1.0,0.0,0.0,1.0,No specific target,No specific vulnerability,1,1.0,0.0,0,0.0,0,0,-0.41139635488461984,0,0,0.0,2017,0
John Combs,0.0,1.0,0.0,0.0,0.0,1.0,0.0,0.0,1.0,No specific target,No specific vulnerability,1,1.0,0.0,0,0.0,0,0,-0.41139635488461984,0,0,0.0,2019,0
Alec Baulding,0.0,1.0,0.0,0.0,0.0,1.0,0.0,0.0,1.0,No specific target,No specific vulnerability,1,2.0,0.0,0,0.0,0,0,-0.41139635488461984,0,0,0.0,2019,0
Ruan Alvarenga,0.0,1.0,0.0,0.0,0.0,1.0,0.0,0.0,1.0,No specific target,No specific vulnerability,1,0.0,0.0,0,0.0,0,0,-0.41139635488461984,0,0,0.0,2022,0
Isaque Bahiense,0.0,1.0,0.0,0.0,0.0,1.0,0.0,0.0,1.0,No specific target,No specific vulnerability,1,2.0,0.0,0,0.0,0,0,-0.41139635488461984,0,0,0.0,2022,0
Gabriel Marangoni,0.0,1.0,0.0,0.0,0.0,1.0,0.0,0.0,1.0,No specific target,No specific vulnerability,1,0.0,0.0,0,0.0,0,0,-0.41139635488461984,0,0,0.0,2015,0
Clark Gracie,0.0,2.0,0.0,0.0,0.0,1.0,0.0,0.0,2.0,No specific target,No specific vulnerability,1,1.0,0.0,0,0.0,0,0,-0.41139635488461984,0,0,0.0,2011,0
Perttu Tepponen,0.0,1.0,0.0,0.0,0.0,1.0,0.0,0.0,1.0,No specific target,No specific vulnerability,1,3.0,0.0,0,0.0,0,0,-0.41139635488461984,0,0,0.0,2019,0
Santeri Lilius,0.0,1.0,0.0,0.0,0.0,1.0,0.0,0.0,1.0,No specific target,No specific vulnerability,1,2.0,0.0,0,0.0,0,0,-0.41139635488461984,0,0,0.0,2022,0
Oliver Taza,0.0,3.0,0.0,0.0,0.0,1.0,0.0,0.0,3.0,No specific target,No specific vulnerability,1,1.0,0.0,0,0.0,0,0,-0.41139635488461984,0,0,0.0,2017,0
Alexandre Vieira,0.0,1.0,0.0,0.0,0.0,1.0,0.0,0.0,1.0,No specific target,Arm,1,0.0,0.0,0,0.0,0,0,-0.41139635488461984,0,0,0.0,2015,0
Sergio Ardila-Ibarra,0.0,1.0,0.0,0.0,0.0,1.0,0.0,0.0,1.0,No specific target,No specific vulnerability,1,1.0,0.0,0,0.0,0,0,-0.41139635488461984,0,0,0.0,2017,0
John Salter,0.0,1.0,0.0,0.0,0.0,1.0,0.0,0.0,1.0,No specific target,Arm,1,2.0,0.0,0,0.0,0,0,-0.41139635488461984,0,0,0.0,2017,0
Elisabeth Clay,0.0,1.0,0.0,0.0,0.0,1.0,0.0,0.0,1.0,No specific target,No specific vulnerability,1,4.0,1.0,1,0.0,0,0,-0.3158473193753989,0,0,0.0,2022,1
Cole Abate,0.0,1.0,0.0,0.0,0.0,1.0,0.0,0.0,1.0,No specific target,No specific vulnerability,1,,0.0,0,0.0,0,0,-0.41139635488461984,0,0,0.0,2022,0
Alexander Trans,0.0,1.0,0.0,0.0,0.0,1.0,0.0,0.0,1.0,No specific target,No specific vulnerability,1,4.0,0.0,0,0.0,0,0,-0.41139635488461984,0,0,0.0,2011,0
Roberto Alencar,0.0,1.0,0.0,0.0,0.0,1.0,0.0,0.0,1.0,No specific target,No specific vulnerability,1,3.0,0.0,0,0.0,0,0,-0.41139635488461984,0,0,0.0,2015,0
Paul Ardila-Ibarra,0.0,3.0,0.0,0.0,0.0,1.0,0.0,0.0,3.0,No specific target,No specific vulnerability,1,3.0,0.0,0,0.0,0,0,-0.41139635488461984,0,0,0.0,2017,0
Gabriel Almeida,0.0,1.0,0.0,0.0,0.0,1.0,0.0,0.0,1.0,No specific target,Neck,1,2.0,0.0,0,0.0,0,0,-0.41139635488461984,0,0,0.0,2019,0
Ross Nicholls,0.0,1.0,0.0,0.0,0.0,1.0,0.0,0.0,1.0,No specific target,No specific vulnerability,1,1.0,0.0,0,0.0,0,0,-0.41139635488461984,0,0,0.0,2019,0
Eldar Rafigaev,0.0,1.0,0.0,0.0,0.0,1.0,0.0,0.0,1.0,No specific target,Neck,1,4.0,0.0,0,0.0,0,0,-0.41139635488461984,0,0,0.0,2019,0
Devhonte Johnson,0.0,1.0,0.0,0.0,0.0,1.0,0.0,0.0,1.0,No specific target,No specific vulnerability,1,3.0,0.0,0,0.0,0,0,-0.41139635488461984,0,0,0.0,2022,0
Valdir Araujo Junior,0.0,1.0,0.0,0.0,0.0,1.0,0.0,0.0,1.0,No specific target,No specific vulnerability,1,2.0,0.0,0,0.0,0,0,-0.41139635488461984,0,0,0.0,2019,0
Alexandre Jesus,0.0,1.0,0.0,0.0,0.0,1.0,0.0,0.0,1.0,No specific target,Neck,1,2.0,0.0,0,0.0,0,0,-0.41139635488461984,0,0,0.0,2022,0
Eleftheria Christodoulou,0.0,1.0,0.0,0.0,0.0,1.0,0.0,0.0,1.0,No specific target,No specific vulnerability,1,4.0,1.0,1,0.0,0,0,-0.3158473193753989,0,0,0.0,2022,1
Ashley Williams,0.0,1.0,0.0,0.0,0.0,1.0,0.0,0.0,1.0,No specific target,No specific vulnerability,1,0.0,0.0,0,0.0,0,0,-0.41139635488461984,0,0,0.0,2022,0
Yuta Shimada,0.0,1.0,0.0,0.0,0.0,1.0,0.0,0.0,1.0,No specific target,No specific vulnerability,1,1.0,0.0,0,0.0,0,0,-0.41139635488461984,0,0,0.0,2017,0
Kit Dale,0.0,1.0,0.0,0.0,0.0,1.0,0.0,0.0,1.0,No specific target,Neck,1,2.0,0.0,0,0.0,0,0,-0.41139635488461984,0,0,0.0,2017,0
Felipe Cesar,0.0,1.0,0.0,0.0,0.0,1.0,0.0,0.0,1.0,No specific target,No specific vulnerability,1,1.0,0.0,0,0.0,0,0,-0.41139635488461984,0,0,0.0,2017,0
Shane Hill-Taylor,0.0,1.0,0.0,0.0,0.0,1.0,0.0,0.0,1.0,No specific target,No specific vulnerability,1,1.0,0.0,0,0.0,0,0,-0.41139635488461984,0,0,0.0,2019,0
Leandro Lo,0.0,1.0,0.0,0.0,0.0,1.0,0.0,0.0,1.0,No specific target,Neck,1,2.0,0.0,0,0.0,0,0,-0.41139635488461984,0,0,0.0,2017,0
Joao Costa,0.0,1.0,0.0,0.0,0.0,1.0,0.0,0.0,1.0,No specific target,Arm,1,3.0,0.0,0,0.0,0,0,-0.41139635488461984,0,0,0.0,2022,0
Servio Tulio,0.0,1.0,0.0,0.0,0.0,1.0,0.0,0.0,1.0,No specific target,Arm,1,1.0,0.0,0,0.0,0,0,-0.41139635488461984,0,0,0.0,2019,0
James Brasco,0.0,2.0,0.0,0.0,0.0,1.0,0.0,0.0,2.0,No specific target,No specific vulnerability,1,2.0,0.5,1,0.0,0,0,-0.3158473193753989,0,0,0.0,2009,0
Jose Mario Queiroga,0.0,1.0,0.0,0.0,0.0,1.0,0.0,0.0,1.0,No specific target,No specific vulnerability,1,4.0,0.0,0,0.0,0,0,-0.41139635488461984,0,0,0.0,2000,0
Gerardi Rinaldi,0.0,3.0,0.0,0.0,0.0,1.0,0.0,0.0,3.0,No specific target,Leg,1,4.0,3.0,4,0.0,0,0,2.359525674882788,0,0,0.0,2009,0
Antonio Peinado,0.0,2.0,0.0,0.0,0.0,1.0,0.0,0.0,2.0,No specific target,No specific vulnerability,1,3.0,2.0,3,0.0,0,0,0.5440940002075897,0,0,0.0,2011,0
Shinya Aoki,0.0,2.0,0.0,0.0,0.0,1.0,0.0,0.0,2.0,No specific target,Leg,1,1.0,0.5,1,0.5,0,0,-0.3158473193753989,0,0,0.0,2005,0
Christian Moriarty,0.0,1.0,0.0,0.0,0.0,1.0,0.0,0.0,1.0,No specific target,Leg,1,2.0,1.0,1,0.0,0,0,-0.3158473193753989,0,0,0.0,2007,0
Ryan Gracie,0.0,1.0,0.0,0.0,0.0,1.0,0.0,0.0,1.0,No specific target,No specific vulnerability,1,2.0,0.0,0,0.0,0,0,-0.41139635488461984,0,0,0.0,2003,0
Talita Alencar,0.0,1.0,0.0,0.0,0.0,1.0,0.0,0.0,1.0,No specific target,No specific vulnerability,1,0.0,1.0,1,0.0,0,0,-0.3158473193753989,0,0,0.0,2017,1
Mark Ramos,0.0,3.0,0.0,0.0,0.0,1.0,0.0,0.0,3.0,No specific target,Neck,1,0.0,0.3333333333333333,1,0.0,0,0,-0.3158473193753989,0,0,0.0,2011,0
Gustavo Dantas,0.0,2.0,0.0,0.0,0.0,1.0,0.0,0.0,2.0,No specific target,Neck,1,0.0,0.0,0,0.0,0,0,-0.41139635488461984,0,0,0.0,2001,0
Augusto Ferrari,0.0,1.0,0.0,0.0,0.0,1.0,0.0,0.0,1.0,No specific target,No specific vulnerability,1,3.0,0.0,0,0.0,0,0,-0.41139635488461984,0,0,0.0,2011,0
Radoslaw Turek,0.0,2.0,0.0,0.0,0.0,1.0,0.0,0.0,2.0,No specific target,Leg,1,3.0,1.0,1,0.0,0,0,-0.22029828386617792,0,0,0.0,2009,0
Penny Thomas,0.0,1.0,0.0,0.0,0.0,1.0,0.0,0.0,1.0,No specific target,Other/Unknown,1,4.0,2.0,2,0.0,0,0,-0.02920021284773601,0,0,0.0,2011,1
Amanda Alequin / Santana,0.0,1.0,0.0,0.0,0.0,1.0,0.0,0.0,1.0,No specific target,Leg,1,4.0,1.0,1,0.0,0,0,-0.3158473193753989,0,0,0.0,2017,1
Michelle Nicolini,0.0,1.0,0.0,0.0,0.0,1.0,0.0,0.0,1.0,No specific target,No specific vulnerability,1,0.0,4.0,4,0.0,0,0,1.1173882132629154,0,0,0.0,2015,1
Carlos Machado,0.0,1.0,0.0,0.0,0.0,1.0,0.0,0.0,1.0,No specific target,No specific vulnerability,1,1.0,1.0,1,0.0,0,0,-0.3158473193753989,0,0,0.0,2000,0
Fellipe Andrew,0.0,1.0,0.0,0.0,0.0,1.0,0.0,0.0,1.0,No specific target,Neck,1,3.0,0.0,0,0.0,0,0,-0.41139635488461984,0,0,0.0,2019,0
E. Karppinen,0.0,1.0,0.0,0.0,0.0,1.0,0.0,0.0,1.0,No specific target,No specific vulnerability,1,0.0,2.0,2,0.0,0,0,-0.02920021284773601,0,0,0.0,2017,1
Igor Praporschchikov,0.0,1.0,0.0,0.0,0.0,1.0,0.0,0.0,1.0,No specific target,Neck,1,3.0,0.0,0,0.0,0,0,-0.41139635488461984,0,0,0.0,2011,0
Tomas Szczerek,0.0,1.0,0.0,0.0,0.0,1.0,0.0,0.0,1.0,No specific target,Arm,1,3.0,0.0,0,0.0,0,0,-0.41139635488461984,0,0,0.0,2007,0
Yuji Arai,0.0,1.0,0.0,0.0,0.0,1.0,0.0,0.0,1.0,No specific target,Neck,1,2.0,0.0,0,0.0,0,0,-0.41139635488461984,0,0,0.0,2009,0
Janne-Pekka,0.0,3.0,0.0,0.0,0.0,1.0,0.0,0.0,3.0,No specific target,Arm,1,4.0,0.0,0,0.6666666666666666,0,0,-0.41139635488461984,0,0,0.0,2009,0
Daniel Strauss,0.0,1.0,0.0,0.0,0.0,1.0,0.0,0.0,1.0,No specific target,Leg,1,1.0,0.0,0,0.0,0,0,-0.41139635488461984,0,0,0.0,2011,0
M. Perez,0.0,3.0,0.0,0.0,0.0,1.0,0.0,0.0,3.0,No specific target,No specific vulnerability,1,2.0,0.3333333333333333,1,0.3333333333333333,0,0,-0.3158473193753989,0,0,0.0,2015,0
Elvira Karpinnen,0.0,1.0,0.0,0.0,0.0,1.0,0.0,0.0,1.0,No specific target,No specific vulnerability,1,0.0,2.0,2,0.0,0,0,-0.02920021284773601,0,0,0.0,2019,1
Julia Maele,0.0,1.0,0.0,0.0,0.0,1.0,0.0,0.0,1.0,No specific target,Neck,1,0.0,1.0,1,0.0,0,0,-0.3158473193753989,0,0,0.0,2022,1
Ben Dyson,0.0,1.0,0.0,0.0,0.0,1.0,0.0,0.0,1.0,No specific target,Leg,1,2.0,0.0,0,0.0,0,0,-0.41139635488461984,0,0,0.0,2019,0
Elvira Karppinen,0.0,1.0,0.0,0.0,0.0,1.0,0.0,0.0,1.0,No specific target,No specific vulnerability,1,0.0,1.0,1,0.0,0,0,-0.3158473193753989,0,0,0.0,2022,1
Magid Hage,0.0,1.0,0.0,0.0,0.0,1.0,0.0,0.0,1.0,No specific target,Arm,1,1.0,0.0,0,0.0,0,0,-0.41139635488461984,0,0,0.0,2022,0
M. Szczecinski,0.0,1.0,0.0,0.0,0.0,1.0,0.0,0.0,1.0,No specific target,No specific vulnerability,1,1.0,1.0,1,0.0,0,0,-0.3158473193753989,0,0,0.0,2022,0
Young-Ahm,0.0,1.0,0.0,0.0,0.0,1.0,0.0,0.0,1.0,No specific target,Neck,1,1.0,0.0,0,0.0,0,0,-0.41139635488461984,0,0,0.0,2015,0
Akira Shoji,0.0,1.0,0.0,0.0,0.0,1.0,0.0,0.0,1.0,No specific target,No specific vulnerability,1,2.0,0.0,0,0.0,0,0,-0.41139635488461984,0,0,0.0,2003,0
Marko Helen,0.0,3.0,0.0,0.0,0.0,1.0,0.0,0.0,3.0,No specific target,Arm,1,2.0,0.0,0,0.3333333333333333,0,0,-0.41139635488461984,0,0,0.0,2005,0
Yushin Okami,0.0,1.0,0.0,0.0,0.0,1.0,0.0,0.0,1.0,No specific target,No specific vulnerability,1,2.0,0.0,0,0.0,0,0,-0.41139635488461984,0,0,0.0,2007,0
M. Yano,0.0,1.0,0.0,0.0,0.0,1.0,0.0,0.0,1.0,No specific target,Neck,1,3.0,0.0,0,0.0,0,0,-0.41139635488461984,0,0,0.0,2001,0
Ilir Lafiti,0.0,2.0,0.0,0.0,0.0,1.0,0.0,0.0,2.0,No specific target,Neck,1,3.0,0.0,0,0.5,0,0,-0.41139635488461984,0,0,0.0,2003,0
Nate Marquardt,0.0,1.0,0.0,0.0,0.0,1.0,0.0,0.0,1.0,No specific target,Arm,1,,0.0,0,1.0,0,0,-0.41139635488461984,0,0,0.0,2003,0
Andreas Olsen,0.0,1.0,0.0,0.0,0.0,1.0,0.0,0.0,1.0,No specific target,Neck,1,3.0,0.0,0,0.0,0,0,-0.41139635488461984,0,0,0.0,2009,0
Jia Jang,0.0,1.0,0.0,0.0,0.0,1.0,0.0,0.0,1.0,No specific target,Leg,1,3.0,0.0,0,0.0,0,0,-0.41139635488461984,0,0,0.0,2013,0
Ezra Lenon,0.0,1.0,0.0,0.0,0.0,1.0,0.0,0.0,1.0,No specific target,Leg,1,3.0,1.0,1,0.0,0,0,-0.3158473193753989,0,0,0.0,2013,0
Hideki Sekine,0.0,3.0,0.0,0.0,0.0,1.0,0.0,0.0,3.0,No specific target,Leg,1,4.0,0.3333333333333333,1,0.3333333333333333,0,0,-0.3158473193753989,0,0,0.0,2013,0
Lee Hyoung,0.0,1.0,0.0,0.0,0.0,1.0,0.0,0.0,1.0,No specific target,Arm,1,4.0,0.0,0,0.0,0,0,-0.41139635488461984,0,0,0.0,2015,0
Ricardo Mesquita,0.0,2.0,0.0,0.0,0.0,1.0,0.0,0.0,2.0,No specific target,Leg,1,2.0,0.0,0,0.5,0,0,-0.41139635488461984,0,0,0.0,2015,0
Hannette Staack,0.0,1.0,0.0,0.0,0.0,1.0,0.0,0.0,1.0,No specific target,No specific vulnerability,1,4.0,4.0,4,0.0,0,0,1.1173882132629154,0,0,0.0,2011,1
Yurika Nakakura,0.0,1.0,0.0,0.0,0.0,1.0,0.0,0.0,1.0,No specific target,Neck,1,4.0,1.0,1,0.0,0,0,-0.3158473193753989,0,0,0.0,2013,1
Tammy Griego,0.0,1.0,0.0,0.0,0.0,1.0,0.0,0.0,1.0,No specific target,No specific vulnerability,1,4.0,2.0,2,0.0,0,0,-0.02920021284773601,0,0,0.0,2013,1
Fernanda Mazelli,0.0,1.0,0.0,0.0,0.0,1.0,0.0,0.0,1.0,No specific target,No specific vulnerability,1,4.0,4.0,4,0.0,0,0,1.1173882132629154,0,0,0.0,2013,1
Alison Tremblay,0.0,1.0,0.0,0.0,0.0,1.0,0.0,0.0,1.0,No specific target,Arm,1,4.0,1.0,1,0.0,0,0,-0.3158473193753989,0,0,0.0,2015,1
Amanda Santana,0.0,1.0,0.0,0.0,0.0,1.0,0.0,0.0,1.0,No specific target,No specific vulnerability,1,4.0,3.0,3,0.0,0,0,0.44854496469836874,0,0,0.0,2015,1
Talita Treta,0.0,1.0,0.0,0.0,0.0,1.0,0.0,0.0,1.0,No specific target,Other/Unknown,1,4.0,4.0,4,0.0,0,0,1.1173882132629154,0,0,0.0,2017,1
Stefanie Egger,0.0,1.0,0.0,0.0,0.0,1.0,0.0,0.0,1.0,No specific target,No specific vulnerability,1,4.0,1.0,1,0.0,0,0,-0.3158473193753989,0,0,0.0,2019,1
Ana Carolina,0.0,1.0,0.0,0.0,0.0,1.0,0.0,0.0,1.0,No specific target,No specific vulnerability,1,4.0,2.0,2,0.0,0,0,-0.02920021284773601,0,0,0.0,2019,1
Carina Santi,0.0,1.0,0.0,0.0,0.0,1.0,0.0,0.0,1.0,No specific target,Arm,1,4.0,4.0,4,0.0,0,0,1.1173882132629154,0,0,0.0,2019,1
Satori Kitaoka,0.0,1.0,0.0,0.0,0.0,1.0,0.0,0.0,1.0,No specific target,Neck,1,1.0,0.0,0,0.0,0,0,-0.41139635488461984,0,0,0.0,2013,0
Eoghan OFlanagan,0.0,2.0,0.0,0.0,0.0,1.0,0.0,0.0,2.0,No specific target,Leg,1,2.0,2.5,3,0.0,0,0,0.8307411067352526,0,0,0.0,2022,0
Ben Hodgkinson,0.0,1.0,0.0,0.0,0.0,1.0,0.0,0.0,1.0,No specific target,Neck,1,3.0,0.0,0,0.0,0,0,-0.41139635488461984,0,0,0.0,2019,0
Heikki Jussila,0.0,1.0,0.0,0.0,0.0,1.0,0.0,0.0,1.0,No specific target,Neck,1,4.0,0.0,0,0.0,0,0,-0.41139635488461984,0,0,0.0,2022,0
Timo-Juhani,0.0,2.0,0.0,0.0,0.0,1.0,0.0,0.0,2.0,No specific target,No specific vulnerability,1,0.0,0.0,0,0.0,0,0,-0.41139635488461984,0,0,0.0,2009,0
Erza Lennon,0.0,1.0,0.0,0.0,0.0,1.0,0.0,0.0,1.0,No specific target,Leg,1,,0.0,0,1.0,0,0,-0.41139635488461984,0,0,0.0,2013,0
J. Urholin,0.0,1.0,0.0,0.0,0.0,1.0,0.0,0.0,1.0,No specific target,No specific vulnerability,1,2.0,0.0,0,0.0,0,0,-0.41139635488461984,0,0,0.0,2015,0
Piotr Frechowicz,0.0,1.0,0.0,0.0,0.0,1.0,0.0,0.0,1.0,No specific target,No specific vulnerability,1,2.0,0.0,0,0.0,0,0,-0.41139635488461984,0,0,0.0,2017,0
Erico Cocco,0.0,1.0,0.0,0.0,0.0,1.0,0.0,0.0,1.0,No specific target,Neck,1,1.0,0.0,0,0.0,0,0,-0.41139635488461984,0,0,0.0,2009,0
Jason Manly,0.0,1.0,0.0,0.0,0.0,1.0,0.0,0.0,1.0,No specific target,Neck,1,1.0,0.0,0,0.0,0,0,-0.41139635488461984,0,0,0.0,2011,0
Andy Wang,0.0,1.0,0.0,0.0,0.0,1.0,0.0,0.0,1.0,No specific target,Neck,1,1.0,0.0,0,0.0,0,0,-0.41139635488461984,0,0,0.0,2013,0
Tero Pyylampi,0.0,2.0,0.0,0.0,0.0,1.0,0.0,0.0,2.0,No specific target,No specific vulnerability,1,1.0,0.0,0,0.0,0,0,-0.41139635488461984,0,0,0.0,2013,0
Gamrot Mateusz,0.0,1.0,0.0,0.0,0.0,1.0,0.0,0.0,1.0,No specific target,No specific vulnerability,1,1.0,0.0,0,0.0,0,0,-0.41139635488461984,0,0,0.0,2015,0
Osman Kasimov,0.0,1.0,0.0,0.0,0.0,1.0,0.0,0.0,1.0,No specific target,Neck,1,1.0,0.0,0,0.0,0,0,-0.41139635488461984,0,0,0.0,2017,0
Kethe Engen,0.0,1.0,0.0,0.0,0.0,1.0,0.0,0.0,1.0,No specific target,Leg,1,0.0,1.0,1,0.0,0,0,-0.3158473193753989,0,0,0.0,2015,1
Bia Mesquita,0.0,1.0,0.0,0.0,0.0,1.0,0.0,0.0,1.0,No specific target,No specific vulnerability,1,0.0,2.0,2,0.0,0,0,-0.02920021284773601,0,0,0.0,2015,1
Rodrigo Dib,0.0,1.0,0.0,0.0,0.0,1.0,0.0,0.0,1.0,No specific target,No specific vulnerability,1,2.0,0.0,0,0.0,0,0,-0.41139635488461984,0,0,0.0,2022,0
Josh Hayden,0.0,1.0,0.0,0.0,0.0,1.0,0.0,0.0,1.0,No specific target,No specific vulnerability,1,2.0,0.0,0,0.0,0,0,-0.41139635488461984,0,0,0.0,2013,0
Caol Uno,0.0,2.0,0.0,0.0,0.0,1.0,0.0,0.0,2.0,No specific target,Neck,1,1.0,2.0,4,0.0,0,0,1.1173882132629154,0,0,0.0,1999,0
Peter Angerer,0.0,1.0,0.0,0.0,0.0,1.0,0.0,0.0,1.0,No specific target,Arm,1,1.0,0.0,0,0.0,0,0,-0.41139635488461984,0,0,0.0,2001,0
F. Vasconcelos,0.0,1.0,0.0,0.0,0.0,1.0,0.0,0.0,1.0,No specific target,No specific vulnerability,1,1.0,1.0,1,0.0,0,0,-0.3158473193753989,0,0,0.0,2001,0
Urija Faber,0.0,1.0,0.0,0.0,0.0,1.0,0.0,0.0,1.0,No specific target,No specific vulnerability,1,1.0,0.0,0,0.0,0,0,-0.41139635488461984,0,0,0.0,2005,0
Jimmy Freidrich,0.0,1.0,0.0,0.0,0.0,1.0,0.0,0.0,1.0,No specific target,Leg,1,4.0,0.0,0,0.0,0,0,-0.41139635488461984,0,0,0.0,2013,0
A. Zhanpeisov,0.0,2.0,0.0,0.0,0.0,1.0,0.0,0.0,2.0,No specific target,Neck,1,4.0,0.0,0,0.5,0,0,-0.41139635488461984,0,0,0.0,2017,0
Y. Takahito,0.0,1.0,0.0,0.0,0.0,1.0,0.0,0.0,1.0,No specific target,Arm,1,0.0,0.0,0,0.0,0,0,-0.41139635488461984,0,0,0.0,2013,0
Tetsu Suzuki,0.0,1.0,0.0,0.0,0.0,1.0,0.0,0.0,1.0,No specific target,Arm,1,0.0,1.0,1,0.0,0,0,-0.3158473193753989,0,0,0.0,2013,0
Jeff Curran,0.0,1.0,0.0,0.0,0.0,1.0,0.0,0.0,1.0,No specific target,No specific vulnerability,1,0.0,0.0,0,0.0,0,0,-0.41139635488461984,0,0,0.0,2009,0
Tetsu Hadario,0.0,1.0,0.0,0.0,0.0,1.0,0.0,0.0,1.0,No specific target,No specific vulnerability,1,0.0,0.0,0,0.0,0,0,-0.41139635488461984,0,0,0.0,2011,0
J. Pietkainen,0.0,1.0,0.0,0.0,0.0,1.0,0.0,0.0,1.0,No specific target,No specific vulnerability,1,4.0,0.0,0,0.0,0,0,-0.41139635488461984,0,0,0.0,2017,0
Zbigniew Tyszka,0.0,3.0,0.0,0.0,0.0,1.0,0.0,0.0,3.0,No specific target,Neck,1,2.0,0.3333333333333333,1,0.0,0,0,-0.3158473193753989,0,0,0.0,2011,0
Hideki Shrek,0.0,1.0,0.0,0.0,0.0,1.0,0.0,0.0,1.0,No specific target,No specific vulnerability,1,,0.0,0,1.0,0,0,-0.41139635488461984,0,0,0.0,2015,0
Elliot Marshal,0.0,1.0,0.0,0.0,0.0,1.0,0.0,0.0,1.0,No specific target,Arm,1,4.0,0.0,0,0.0,0,0,-0.41139635488461984,0,0,0.0,2019,0
Luke Griffith,0.0,1.0,0.0,0.0,0.0,1.0,0.0,0.0,1.0,No specific target,No specific vulnerability,1,3.0,0.0,0,0.0,0,0,-0.41139635488461984,0,0,0.0,2022,0
Kamil Wilk,0.0,1.0,0.0,0.0,0.0,1.0,0.0,0.0,1.0,No specific target,No specific vulnerability,1,0.0,0.0,0,0.0,0,0,-0.41139635488461984,0,0,0.0,2017,0
Jesseray Childrey,0.0,1.0,0.0,0.0,0.0,1.0,0.0,0.0,1.0,No specific target,No specific vulnerability,1,4.0,0.0,0,0.0,0,0,-0.41139635488461984,0,0,0.0,2017,0
Amir Allam,0.0,1.0,0.0,0.0,0.0,1.0,0.0,0.0,1.0,No specific target,No specific vulnerability,1,4.0,0.0,0,0.0,0,0,-0.41139635488461984,0,0,0.0,2013,0
Abdulaev Ruslan,0.0,1.0,0.0,0.0,0.0,1.0,0.0,0.0,1.0,No specific target,Neck,1,4.0,0.0,0,0.0,0,0,-0.41139635488461984,0,0,0.0,2017,0
Eliott Kelly,0.0,2.0,0.0,0.0,0.0,1.0,0.0,0.0,2.0,No specific target,No specific vulnerability,1,3.0,0.0,0,0.5,0,0,-0.41139635488461984,0,0,0.0,2017,0
Jon Hansen,0.0,1.0,0.0,0.0,0.0,1.0,0.0,0.0,1.0,No specific target,Leg,1,,0.0,0,1.0,0,0,-0.41139635488461984,0,0,0.0,2019,0
Yousef Elzien,0.0,1.0,0.0,0.0,0.0,1.0,0.0,0.0,1.0,No specific target,Other/Unknown,1,4.0,0.0,0,0.0,0,0,-0.41139635488461984,0,0,0.0,1998,0
Ricardo Moraes,0.0,2.0,0.0,0.0,0.0,1.0,0.0,0.0,2.0,No specific target,No specific vulnerability,1,4.0,1.5,2,0.0,0,0,0.06634882266148495,0,0,0.0,1998,0
Firas Nakdali,0.0,1.0,0.0,0.0,0.0,1.0,0.0,0.0,1.0,No specific target,Arm,1,4.0,2.0,2,0.0,0,0,-0.02920021284773601,0,0,0.0,1998,0
Rocky Batastini,0.0,1.0,0.0,0.0,0.0,1.0,0.0,0.0,1.0,No specific target,Arm,1,4.0,0.0,0,0.0,0,0,-0.41139635488461984,0,0,0.0,1999,0
Kim Mason,0.0,1.0,0.0,0.0,0.0,1.0,0.0,0.0,1.0,No specific target,No specific vulnerability,1,,0.0,0,1.0,0,0,-0.41139635488461984,0,0,0.0,1999,0
Carlos Barreto,0.0,1.0,0.0,0.0,0.0,1.0,0.0,0.0,1.0,No specific target,No specific vulnerability,1,4.0,0.0,0,0.0,0,0,-0.41139635488461984,0,0,0.0,2000,0
Y. Yatso,0.0,1.0,0.0,0.0,0.0,1.0,0.0,0.0,1.0,No specific target,Arm,1,4.0,0.0,0,0.0,0,0,-0.41139635488461984,0,0,0.0,2001,0
Halm Gocalli,0.0,1.0,0.0,0.0,0.0,1.0,0.0,0.0,1.0,No specific target,Other/Unknown,1,4.0,0.0,0,0.0,0,0,-0.41139635488461984,0,0,0.0,2005,0
Y. Ozawa,0.0,2.0,0.0,0.0,0.0,1.0,0.0,0.0,2.0,No specific target,Neck,1,3.0,0.0,0,0.5,0,0,-0.41139635488461984,0,0,0.0,2017,0
Juskowiak Mateusz,0.0,1.0,0.0,0.0,0.0,1.0,0.0,0.0,1.0,No specific target,Neck,1,4.0,0.0,0,0.0,0,0,-0.41139635488461984,0,0,0.0,2015,0
Trevor Lally,0.0,1.0,0.0,0.0,0.0,1.0,0.0,0.0,1.0,No specific target,Arm,1,0.0,1.0,1,0.0,0,0,-0.3158473193753989,0,0,0.0,1998,0
Marc,0.0,1.0,0.0,0.0,0.0,1.0,0.0,0.0,1.0,No specific target,Arm,1,0.0,2.0,2,0.0,0,0,-0.02920021284773601,0,0,0.0,1998,0
Robin Gracie,0.0,1.0,0.0,0.0,0.0,1.0,0.0,0.0,1.0,No specific target,Neck,1,0.0,4.0,4,0.0,0,0,1.1173882132629154,0,0,0.0,1998,0
T. Hirono,0.0,1.0,0.0,0.0,0.0,1.0,0.0,0.0,1.0,No specific target,Arm,1,0.0,0.0,0,0.0,0,0,-0.41139635488461984,0,0,0.0,1999,0
Sasha Plavski,0.0,1.0,0.0,0.0,0.0,1.0,0.0,0.0,1.0,No specific target,No specific vulnerability,1,0.0,1.0,1,0.0,0,0,-0.3158473193753989,0,0,0.0,2000,0
Joe Gilbert,0.0,1.0,0.0,0.0,0.0,1.0,0.0,0.0,1.0,No specific target,Neck,1,0.0,2.0,2,0.0,0,0,-0.02920021284773601,0,0,0.0,2000,0
Y. Kinishi,0.0,1.0,0.0,0.0,0.0,1.0,0.0,0.0,1.0,No specific target,Neck,1,0.0,0.0,0,0.0,0,0,-0.41139635488461984,0,0,0.0,2001,0
K. Hirate,0.0,1.0,0.0,0.0,0.0,1.0,0.0,0.0,1.0,No specific target,No specific vulnerability,1,0.0,0.0,0,0.0,0,0,-0.41139635488461984,0,0,0.0,2003,0
Joaquim Hansen,0.0,1.0,0.0,0.0,0.0,1.0,0.0,0.0,1.0,No specific target,Neck,1,0.0,1.0,1,0.0,0,0,-0.3158473193753989,0,0,0.0,2003,0
Erik Paulson,0.0,1.0,0.0,0.0,0.0,1.0,0.0,0.0,1.0,No specific target,No specific vulnerability,1,3.0,0.0,0,0.0,0,0,-0.41139635488461984,0,0,0.0,2003,0
Michael Groth,0.0,1.0,0.0,0.0,0.0,1.0,0.0,0.0,1.0,No specific target,Arm,1,3.0,0.0,0,0.0,0,0,-0.41139635488461984,0,0,0.0,2005,0
Jamal Peterson,0.0,1.0,0.0,0.0,0.0,1.0,0.0,0.0,1.0,No specific target,No specific vulnerability,1,3.0,1.0,1,0.0,0,0,-0.3158473193753989,0,0,0.0,2005,0
John Einimo,0.0,1.0,0.0,0.0,0.0,1.0,0.0,0.0,1.0,No specific target,No specific vulnerability,1,3.0,3.0,3,0.0,0,0,0.44854496469836874,0,0,0.0,2005,0
Antoine Joude,0.0,2.0,0.0,0.0,0.0,1.0,0.0,0.0,2.0,No specific target,Leg,1,3.0,0.0,0,0.5,0,0,-0.41139635488461984,0,0,0.0,2005,0
Yukissyu Ozawa,0.0,1.0,0.0,0.0,0.0,1.0,0.0,0.0,1.0,No specific target,Other/Unknown,1,3.0,0.0,0,0.0,0,0,-0.41139635488461984,0,0,0.0,2007,0
Tim Carpenter,0.0,1.0,0.0,0.0,0.0,1.0,0.0,0.0,1.0,No specific target,Arm,1,3.0,1.0,1,0.0,0,0,-0.3158473193753989,0,0,0.0,2007,0
Ilir Latifi,0.0,1.0,0.0,0.0,0.0,1.0,0.0,0.0,1.0,No specific target,No specific vulnerability,1,3.0,0.0,0,0.0,0,0,-0.41139635488461984,0,0,0.0,2009,0
Lucio Lagarto,0.0,1.0,0.0,0.0,0.0,1.0,0.0,0.0,1.0,No specific target,Neck,1,3.0,1.0,1,0.0,0,0,-0.3158473193753989,0,0,0.0,2011,0
Yukiyasu Ozawa,0.0,1.0,0.0,0.0,0.0,1.0,0.0,0.0,1.0,No specific target,Arm,1,3.0,0.0,0,0.0,0,0,-0.41139635488461984,0,0,0.0,2015,0
T. Pyylampi,0.0,1.0,0.0,0.0,0.0,1.0,0.0,0.0,1.0,No specific target,Arm,1,,0.0,0,1.0,0,0,-0.41139635488461984,0,0,0.0,2017,0
Wellington Dias,0.0,1.0,0.0,0.0,0.0,1.0,0.0,0.0,1.0,No specific target,Arm,1,0.0,0.0,0,0.0,0,0,-0.41139635488461984,0,0,0.0,1999,0
Akira Shouji,0.0,1.0,0.0,0.0,0.0,1.0,0.0,0.0,1.0,No specific target,No specific vulnerability,1,2.0,0.0,0,0.0,0,0,-0.41139635488461984,0,0,0.0,1999,0
Chris Bright,0.0,1.0,0.0,0.0,0.0,1.0,0.0,0.0,1.0,No specific target,Other/Unknown,1,1.0,0.0,0,0.0,0,0,-0.41139635488461984,0,0,0.0,2007,0
Mark Bocek,0.0,1.0,0.0,0.0,0.0,1.0,0.0,0.0,1.0,No specific target,Leg,1,1.0,1.0,1,0.0,0,0,-0.3158473193753989,0,0,0.0,2007,0
Kassim Anan,0.0,1.0,0.0,0.0,0.0,1.0,0.0,0.0,1.0,No specific target,No specific vulnerability,1,2.0,0.0,0,0.0,0,0,-0.41139635488461984,0,0,0.0,2009,0
Chris Weidman,0.0,1.0,0.0,0.0,0.0,1.0,0.0,0.0,1.0,No specific target,No specific vulnerability,1,2.0,1.0,1,0.0,0,0,-0.3158473193753989,0,0,0.0,2009,0
Tom Bass,0.0,1.0,0.0,0.0,0.0,1.0,0.0,0.0,1.0,No specific target,No specific vulnerability,1,,0.0,0,1.0,0,0,-0.41139635488461984,0,0,0.0,2009,0
Don Ortega,0.0,2.0,0.0,0.0,0.0,1.0,0.0,0.0,2.0,No specific target,Neck,1,1.0,0.0,0,0.0,0,0,-0.41139635488461984,0,0,0.0,2009,0
Shinzo Ansai,0.0,1.0,0.0,0.0,0.0,1.0,0.0,0.0,1.0,No specific target,Neck,1,,0.0,0,1.0,0,0,-0.41139635488461984,0,0,0.0,2011,0
Akihiro Gono,0.0,2.0,0.0,0.0,0.0,1.0,0.0,0.0,2.0,No specific target,Neck,1,2.0,0.0,0,0.0,0,0,-0.41139635488461984,0,0,0.0,1999,0
Alexander Savko,0.0,1.0,0.0,0.0,0.0,1.0,0.0,0.0,1.0,No specific target,Arm,1,2.0,1.0,1,0.0,0,0,-0.3158473193753989,0,0,0.0,2001,0
Nicholas Renier,0.0,1.0,0.0,0.0,0.0,1.0,0.0,0.0,1.0,No specific target,No specific vulnerability,1,1.0,0.0,0,0.0,0,0,-0.41139635488461984,0,0,0.0,2015,0
N. Uematsu,0.0,1.0,0.0,0.0,0.0,1.0,0.0,0.0,1.0,No specific target,Neck,1,0.0,1.0,1,0.0,0,0,-0.3158473193753989,0,0,0.0,2001,0
Mike Mrkulic,0.0,1.0,0.0,0.0,0.0,1.0,0.0,0.0,1.0,No specific target,Neck,1,0.0,1.0,1,0.0,0,0,-0.3158473193753989,0,0,0.0,2003,0
Eddie Sanchez,0.0,1.0,0.0,0.0,0.0,1.0,0.0,0.0,1.0,No specific target,Neck,1,0.0,0.0,0,0.0,0,0,-0.41139635488461984,0,0,0.0,2007,0
Yoshitomi Mishima,0.0,1.0,0.0,0.0,0.0,1.0,0.0,0.0,1.0,No specific target,Neck,1,0.0,1.0,1,0.0,0,0,-0.3158473193753989,0,0,0.0,2007,0
Tetsu Suzuko,0.0,1.0,0.0,0.0,0.0,1.0,0.0,0.0,1.0,No specific target,No specific vulnerability,1,0.0,3.0,3,0.0,0,0,0.44854496469836874,0,0,0.0,2007,0
Rikako Yuasa,0.0,1.0,0.0,0.0,0.0,1.0,0.0,0.0,1.0,No specific target,No specific vulnerability,1,0.0,1.0,1,0.0,0,0,-0.3158473193753989,0,0,0.0,2019,1
Nicollas Renier,0.0,1.0,0.0,0.0,0.0,1.0,0.0,0.0,1.0,No specific target,Neck,1,0.0,0.0,0,0.0,0,0,-0.41139635488461984,0,0,0.0,2017,0
T. Kosaka,0.0,1.0,0.0,0.0,0.0,1.0,0.0,0.0,1.0,No specific target,No specific vulnerability,1,4.0,0.0,0,0.0,0,0,-0.41139635488461984,0,0,0.0,2003,0
Jehad Hamdan,0.0,1.0,0.0,0.0,0.0,1.0,0.0,0.0,1.0,No specific target,No specific vulnerability,1,4.0,1.0,1,0.0,0,0,-0.3158473193753989,0,0,0.0,2003,0
Mike Van,0.0,2.0,0.0,0.0,0.0,1.0,0.0,0.0,2.0,No specific target,Arm,1,4.0,1.0,2,0.5,0,0,-0.02920021284773601,0,0,0.0,2003,0
Matt Lindland,0.0,2.0,0.0,0.0,0.0,1.0,0.0,0.0,2.0,No specific target,Arm,1,2.0,0.5,1,0.5,0,0,-0.3158473193753989,0,0,0.0,2003,0
Denis Roberts,0.0,2.0,0.0,0.0,0.0,1.0,0.0,0.0,2.0,No specific target,Leg,1,4.0,0.0,0,0.0,0,0,-0.41139635488461984,0,0,0.0,2005,0
Daniel Simoes,0.0,2.0,0.0,0.0,0.0,1.0,0.0,0.0,2.0,No specific target,No specific vulnerability,1,4.0,2.0,3,0.0,0,0,0.5440940002075897,0,0,0.0,2005,0
Reese Andy,0.0,1.0,0.0,0.0,0.0,1.0,0.0,0.0,1.0,No specific target,Leg,1,,0.0,0,1.0,0,0,-0.41139635488461984,0,0,0.0,2005,0
Mario Rinaldi,0.0,1.0,0.0,0.0,0.0,1.0,0.0,0.0,1.0,No specific target,Other/Unknown,1,,0.0,0,1.0,0,0,-0.41139635488461984,0,0,0.0,2007,0
Elvis Sinosic,0.0,1.0,0.0,0.0,0.0,1.0,0.0,0.0,1.0,No specific target,Arm,1,4.0,0.0,0,0.0,0,0,-0.41139635488461984,0,0,0.0,2007,0
Darren Andy,0.0,2.0,0.0,0.0,0.0,1.0,0.0,0.0,2.0,No specific target,No specific vulnerability,1,4.0,2.5,3,0.0,0,0,0.8307411067352526,0,0,0.0,2007,0
Rogent Lorent,0.0,1.0,0.0,0.0,0.0,1.0,0.0,0.0,1.0,No specific target,Arm,1,4.0,0.0,0,0.0,0,0,-0.41139635488461984,0,0,0.0,2009,0
Tomasz Janiszewski,0.0,1.0,0.0,0.0,0.0,1.0,0.0,0.0,1.0,No specific target,No specific vulnerability,1,4.0,1.0,1,0.0,0,0,-0.3158473193753989,0,0,0.0,2009,0
Jimmy Friedrich,0.0,1.0,0.0,0.0,0.0,1.0,0.0,0.0,1.0,No specific target,Neck,1,3.0,1.0,1,0.0,0,0,-0.3158473193753989,0,0,0.0,2015,0
Josh Saunders,0.0,1.0,0.0,0.0,0.0,1.0,0.0,0.0,1.0,No specific target,No specific vulnerability,1,4.0,0.0,0,0.0,0,0,-0.41139635488461984,0,0,0.0,2022,0
Paulo Pinto,0.0,1.0,0.0,0.0,0.0,1.0,0.0,0.0,1.0,No specific target,No specific vulnerability,1,3.0,0.0,0,0.0,0,0,-0.41139635488461984,0,0,0.0,2019,0
Diego Sanchez,0.0,2.0,0.0,0.0,0.0,1.0,0.0,0.0,2.0,No specific target,Arm,1,1.0,0.5,1,0.5,0,0,-0.3158473193753989,0,0,0.0,2005,0
Cameron Earle,0.0,1.0,0.0,0.0,0.0,1.0,0.0,0.0,1.0,No specific target,No specific vulnerability,1,1.0,1.0,1,0.0,0,0,-0.3158473193753989,0,0,0.0,2005,0
Micah Pittman,0.0,1.0,0.0,0.0,0.0,1.0,0.0,0.0,1.0,No specific target,Neck,1,1.0,1.0,1,0.0,0,0,-0.3158473193753989,0,0,0.0,1999,0
Mikey Burnet,0.0,1.0,0.0,0.0,0.0,1.0,0.0,0.0,1.0,No specific target,Neck,1,1.0,1.0,1,0.0,0,0,-0.3158473193753989,0,0,0.0,2000,0
Serguei Onishuk,0.0,1.0,0.0,0.0,0.0,1.0,0.0,0.0,1.0,No specific target,Neck,1,1.0,0.0,0,0.0,0,0,-0.41139635488461984,0,0,0.0,2001,0
Y. Kohsaka,0.0,1.0,0.0,0.0,0.0,1.0,0.0,0.0,1.0,No specific target,Arm,1,,0.0,0,1.0,0,0,-0.41139635488461984,0,0,0.0,2001,0
Jamie Ballard,0.0,1.0,0.0,0.0,0.0,1.0,0.0,0.0,1.0,No specific target,Neck,1,0.0,0.0,0,0.0,0,0,-0.41139635488461984,0,0,0.0,2007,0
Daniel Hortegas,0.0,1.0,0.0,0.0,0.0,1.0,0.0,0.0,1.0,No specific target,Leg,1,0.0,0.0,0,0.0,0,0,-0.41139635488461984,0,0,0.0,2015,0
James Poupolo,0.0,1.0,0.0,0.0,0.0,1.0,0.0,0.0,1.0,No specific target,Leg,1,3.0,0.0,0,0.0,0,0,-0.41139635488461984,0,0,0.0,2011,0
Liu Wen,0.0,1.0,0.0,0.0,0.0,1.0,0.0,0.0,1.0,No specific target,No specific vulnerability,1,3.0,0.0,0,0.0,0,0,-0.41139635488461984,0,0,0.0,2013,0
Tomasz Narkun,0.0,2.0,0.0,0.0,0.0,1.0,0.0,0.0,2.0,No specific target,No specific vulnerability,1,3.0,0.5,1,0.0,0,0,-0.3158473193753989,0,0,0.0,2013,0
Michael Wilson,0.0,1.0,0.0,0.0,0.0,1.0,0.0,0.0,1.0,No specific target,Neck,1,4.0,0.0,0,0.0,0,0,-0.41139635488461984,0,0,0.0,2013,0
Jason Lees,0.0,1.0,0.0,0.0,0.0,1.0,0.0,0.0,1.0,No specific target,No specific vulnerability,1,4.0,0.0,0,0.0,0,0,-0.41139635488461984,0,0,0.0,2015,0
Eduardo Rios,0.0,1.0,0.0,0.0,0.0,1.0,0.0,0.0,1.0,No specific target,Neck,1,1.0,0.0,0,0.0,0,0,-0.41139635488461984,0,0,0.0,2013,0
Fabio Gurgel,0.0,1.0,0.0,0.0,0.0,1.0,0.0,0.0,1.0,No specific target,No specific vulnerability,1,,5.0,5,1.0,0,0,1.977329532845904,0,0,0.0,2013,0
Karl Webber,0.0,1.0,0.0,0.0,0.0,1.0,0.0,0.0,1.0,No specific target,No specific vulnerability,1,2.0,0.0,0,0.0,0,0,-0.41139635488461984,0,0,0.0,2000,0
Egan Inoe,0.0,1.0,0.0,0.0,0.0,1.0,0.0,0.0,1.0,No specific target,No specific vulnerability,1,2.0,1.0,1,0.0,0,0,-0.3158473193753989,0,0,0.0,2000,0
Take Hanai,0.0,1.0,0.0,0.0,0.0,1.0,0.0,0.0,1.0,No specific target,No specific vulnerability,1,2.0,0.0,0,0.0,0,0,-0.41139635488461984,0,0,0.0,2005,0
Muhammad Saleh,0.0,1.0,0.0,0.0,0.0,1.0,0.0,0.0,1.0,No specific target,No specific vulnerability,1,3.0,0.0,0,0.0,0,0,-0.41139635488461984,0,0,0.0,1998,0
Larry Parker,0.0,1.0,0.0,0.0,0.0,1.0,0.0,0.0,1.0,No specific target,Arm,1,3.0,1.0,1,0.0,0,0,-0.3158473193753989,0,0,0.0,1998,0
Renato Verissimo,0.0,1.0,0.0,0.0,0.0,1.0,0.0,0.0,1.0,No specific target,Neck,1,3.0,2.0,2,0.0,0,0,-0.02920021284773601,0,0,0.0,1998,0
Oleg Taktarov,0.0,1.0,0.0,0.0,0.0,1.0,0.0,0.0,1.0,No specific target,No specific vulnerability,1,,1.0,1,1.0,0,0,-0.3158473193753989,0,0,0.0,1998,0
Simon Siasi,0.0,1.0,0.0,0.0,0.0,1.0,0.0,0.0,1.0,No specific target,Leg,1,,2.0,2,1.0,0,0,-0.02920021284773601,0,0,0.0,1998,0
Enson Inoe,0.0,1.0,0.0,0.0,0.0,1.0,0.0,0.0,1.0,No specific target,No specific vulnerability,1,,5.0,5,1.0,0,0,1.977329532845904,0,0,0.0,1999,0
Keita Iwamoto,0.0,1.0,0.0,0.0,0.0,1.0,0.0,0.0,1.0,No specific target,No specific vulnerability,1,1.0,0.0,0,0.0,0,0,-0.41139635488461984,0,0,0.0,2022,0
Owen Livesey,0.0,1.0,0.0,0.0,0.0,1.0,0.0,0.0,1.0,No specific target,No specific vulnerability,1,3.0,0.0,0,0.0,0,0,-0.41139635488461984,0,0,0.0,2022,0
Giovanna Jara,0.0,1.0,0.0,0.0,0.0,1.0,0.0,0.0,1.0,No specific target,Neck,1,4.0,1.0,1,0.0,0,0,-0.3158473193753989,0,0,0.0,2022,1
Cristiano Lazzarini,0.0,3.0,0.0,0.0,0.0,1.0,0.0,0.0,3.0,No specific target,Neck,1,3.0,2.0,3,0.0,0,0,0.9262901422444736,0,0,0.0,2007,0
R. Alvarenga,0.0,1.0,0.0,0.0,0.0,1.0,0.0,0.0,1.0,No specific target,Neck,1,0.0,0.0,0,0.0,0,0,-0.41139635488461984,0,0,0.0,2019,0
Alian Drueco,0.0,1.0,0.0,0.0,0.0,1.0,0.0,0.0,1.0,No specific target,Neck,1,3.0,0.0,0,0.0,0,0,-0.41139635488461984,0,0,0.0,2013,0
Mikael Knutsson,0.0,1.0,0.0,0.0,0.0,1.0,0.0,0.0,1.0,No specific target,No specific vulnerability,1,3.0,1.0,1,0.0,0,0,-0.3158473193753989,0,0,0.0,2013,0
George St,0.0,1.0,0.0,0.0,0.0,1.0,0.0,0.0,1.0,No specific target,Arm,1,1.0,1.0,1,0.0,0,0,-0.3158473193753989,0,0,0.0,2005,0
Yoshiyuki Yoshida,0.0,1.0,0.0,0.0,0.0,1.0,0.0,0.0,1.0,No specific target,No specific vulnerability,1,1.0,0.0,0,0.0,0,0,-0.41139635488461984,0,0,0.0,2009,0
Morris Clifoni,0.0,1.0,0.0,0.0,0.0,1.0,0.0,0.0,1.0,No specific target,Neck,1,1.0,0.0,0,0.0,0,0,-0.41139635488461984,0,0,0.0,2001,0
Allan Teo,0.0,1.0,0.0,0.0,0.0,1.0,0.0,0.0,1.0,No specific target,Other/Unknown,1,1.0,0.0,0,0.0,0,0,-0.41139635488461984,0,0,0.0,2003,0
T. Suzuki,0.0,2.0,0.0,0.0,0.0,1.0,0.0,0.0,2.0,No specific target,No specific vulnerability,1,1.0,1.0,2,0.0,0,0,-0.02920021284773601,0,0,0.0,2005,0
Joey Gilbert,0.0,1.0,0.0,0.0,0.0,1.0,0.0,0.0,1.0,No specific target,Neck,1,1.0,1.0,1,0.0,0,0,-0.3158473193753989,0,0,0.0,2005,0
Rob Di,0.0,1.0,0.0,0.0,0.0,1.0,0.0,0.0,1.0,No specific target,Neck,1,1.0,2.0,2,0.0,0,0,-0.02920021284773601,0,0,0.0,2005,0
D. Marinakis,0.0,1.0,0.0,0.0,0.0,1.0,0.0,0.0,1.0,No specific target,No specific vulnerability,1,1.0,0.0,0,0.0,0,0,-0.41139635488461984,0,0,0.0,2009,0
Sotaro Yamada,0.0,1.0,0.0,0.0,0.0,1.0,0.0,0.0,1.0,No specific target,No specific vulnerability,1,1.0,0.0,0,0.0,0,0,-0.41139635488461984,0,0,0.0,2013,0
Rodney Ellis,0.0,1.0,0.0,0.0,0.0,1.0,0.0,0.0,1.0,No specific target,Neck,1,1.0,0.0,0,0.0,0,0,-0.41139635488461984,0,0,0.0,2009,0
Bruno Bastos,0.0,4.0,0.0,0.0,0.0,1.0,0.0,0.0,4.0,No specific target,Neck,1,2.0,0.25,1,0.5,0,0,-0.3158473193753989,0,0,0.0,2009,0
Marcos Oliveira,0.0,1.0,0.0,0.0,0.0,1.0,0.0,0.0,1.0,No specific target,No specific vulnerability,1,4.0,1.0,1,0.0,0,0,-0.3158473193753989,0,0,0.0,2007,0
Anthony Perosh,0.0,1.0,0.0,0.0,0.0,1.0,0.0,0.0,1.0,No specific target,No specific vulnerability,1,3.0,0.0,0,0.0,0,0,-0.41139635488461984,0,0,0.0,2009,0
Kiuma Kunioku,0.0,1.0,0.0,0.0,0.0,1.0,0.0,0.0,1.0,No specific target,Neck,1,1.0,0.0,0,0.0,0,0,-0.41139635488461984,0,0,0.0,2003,0
Mario Miranda,0.0,1.0,0.0,0.0,0.0,1.0,0.0,0.0,1.0,No specific target,Neck,1,,0.0,0,1.0,0,0,-0.41139635488461984,0,0,0.0,2007,0
George Sotiropoulos,0.0,1.0,0.0,0.0,0.0,1.0,0.0,0.0,1.0,No specific target,Neck,1,1.0,0.0,0,0.0,0,0,-0.41139635488461984,0,0,0.0,2007,0
Kurt Pellegrino,0.0,1.0,0.0,0.0,0.0,1.0,0.0,0.0,1.0,No specific target,Neck,1,1.0,1.0,1,0.0,0,0,-0.3158473193753989,0,0,0.0,2007,0
Keita Nakamura,0.0,1.0,0.0,0.0,0.0,1.0,0.0,0.0,1.0,No specific target,Neck,1,1.0,2.0,2,0.0,0,0,-0.02920021284773601,0,0,0.0,2009,0
Robert Sabaruddin,0.0,1.0,0.0,0.0,0.0,1.0,0.0,0.0,1.0,No specific target,No specific vulnerability,1,0.0,0.0,0,0.0,0,0,-0.41139635488461984,0,0,0.0,2013,0
Van Arsdale,0.0,1.0,0.0,0.0,0.0,1.0,0.0,0.0,1.0,No specific target,Leg,1,4.0,0.0,0,0.0,0,0,-0.41139635488461984,0,0,0.0,2001,0
Mike Whitehead,0.0,1.0,0.0,0.0,0.0,1.0,0.0,0.0,1.0,No specific target,No specific vulnerability,1,4.0,0.0,0,0.0,0,0,-0.41139635488461984,0,0,0.0,2003,0
Alex Negao,0.0,1.0,0.0,0.0,0.0,1.0,0.0,0.0,1.0,No specific target,Neck,1,4.0,2.0,2,0.0,0,0,-0.02920021284773601,0,0,0.0,2003,0
Miodrag Petkovic,0.0,1.0,0.0,0.0,0.0,1.0,0.0,0.0,1.0,No specific target,Neck,1,4.0,0.0,0,0.0,0,0,-0.41139635488461984,0,0,0.0,2005,0
J. Pietlainen,0.0,1.0,0.0,0.0,0.0,1.0,0.0,0.0,1.0,No specific target,Arm,1,4.0,0.0,0,0.0,0,0,-0.41139635488461984,0,0,0.0,2007,0
Takanori Gomi,0.0,1.0,0.0,0.0,0.0,1.0,0.0,0.0,1.0,No specific target,Neck,1,1.0,0.0,0,0.0,0,0,-0.41139635488461984,0,0,0.0,2001,0
Thomas DeBlass,0.0,2.0,0.0,0.0,0.0,1.0,0.0,0.0,2.0,No specific target,No specific vulnerability,1,4.0,0.5,1,0.0,0,0,-0.3158473193753989,0,0,0.0,2009,0
Jorge Britto,0.0,1.0,0.0,0.0,0.0,1.0,0.0,0.0,1.0,No specific target,Arm,1,1.0,0.0,0,0.0,0,0,-0.41139635488461984,0,0,0.0,2011,0
Keller Sodhi,0.0,1.0,0.0,0.0,0.0,1.0,0.0,0.0,1.0,No specific target,No specific vulnerability,1,2.0,0.0,0,0.0,0,0,-0.41139635488461984,0,0,0.0,2019,0
Youngnam Noh,0.0,1.0,0.0,0.0,0.0,1.0,0.0,0.0,1.0,No specific target,Neck,1,1.0,0.0,0,0.0,0,0,-0.41139635488461984,0,0,0.0,2013,0
Ben Henderson,0.0,2.0,0.0,0.0,0.0,1.0,0.0,0.0,2.0,No specific target,Arm,1,1.0,0.5,1,0.5,0,0,-0.3158473193753989,0,0,0.0,2013,0
Kitner Mendoga,0.0,1.0,0.0,0.0,0.0,1.0,0.0,0.0,1.0,No specific target,Neck,1,4.0,0.0,0,0.0,0,0,-0.41139635488461984,0,0,0.0,2013,0
H. Sekine,0.0,1.0,0.0,0.0,0.0,1.0,0.0,0.0,1.0,No specific target,No specific vulnerability,1,4.0,0.0,0,0.0,0,0,-0.41139635488461984,0,0,0.0,2017,0
Mateusz Juskowiak,0.0,1.0,0.0,0.0,0.0,1.0,0.0,0.0,1.0,No specific target,No specific vulnerability,1,4.0,0.0,0,0.0,0,0,-0.41139635488461984,0,0,0.0,2019,0
E. Elgland,0.0,1.0,0.0,0.0,0.0,1.0,0.0,0.0,1.0,No specific target,No specific vulnerability,1,0.0,0.0,0,0.0,0,0,-0.41139635488461984,0,0,0.0,2017,0
Eric Dahlberg,0.0,1.0,0.0,0.0,0.0,1.0,0.0,0.0,1.0,No specific target,No specific vulnerability,1,1.0,0.0,0,0.0,0,0,-0.41139635488461984,0,0,0.0,2007,0
Ben Askren,0.0,1.0,0.0,0.0,0.0,1.0,0.0,0.0,1.0,No specific target,Leg,1,1.0,1.0,1,0.0,0,0,-0.3158473193753989,0,0,0.0,2009,0
Doorwang Jeon,0.0,1.0,0.0,0.0,0.0,1.0,0.0,0.0,1.0,No specific target,No specific vulnerability,1,2.0,0.0,0,0.0,0,0,-0.41139635488461984,0,0,0.0,2013,0
Janus Andrejczuk,0.0,1.0,0.0,0.0,0.0,1.0,0.0,0.0,1.0,No specific target,No specific vulnerability,1,0.0,0.0,0,0.0,0,0,-0.41139635488461984,0,0,0.0,2017,0
Kenta Iwamoto,0.0,1.0,0.0,0.0,0.0,1.0,0.0,0.0,1.0,No specific target,No specific vulnerability,1,0.0,0.0,0,0.0,0,0,-0.41139635488461984,0,0,0.0,2019,0
Wagnney Fabiano,0.0,1.0,0.0,0.0,0.0,1.0,0.0,0.0,1.0,No specific target,No specific vulnerability,1,0.0,1.0,1,0.0,0,0,-0.3158473193753989,0,0,0.0,2005,0
Jacob Rodriguez,0.0,1.0,0.0,0.0,0.0,1.0,0.0,0.0,1.0,No specific target,No specific vulnerability,1,2.0,0.0,0,0.0,0,0,-0.41139635488461984,0,0,0.0,2022,0
Tom Lawlor,0.0,1.0,0.0,0.0,0.0,1.0,0.0,0.0,1.0,No specific target,No specific vulnerability,1,2.0,0.0,0,0.0,0,0,-0.41139635488461984,0,0,0.0,2009,0
Jeon Doo,0.0,1.0,0.0,0.0,0.0,1.0,0.0,0.0,1.0,No specific target,Neck,1,2.0,0.0,0,0.0,0,0,-0.41139635488461984,0,0,0.0,2011,0
Shinsho Anzai,0.0,1.0,0.0,0.0,0.0,1.0,0.0,0.0,1.0,No specific target,Neck,1,2.0,0.0,0,0.0,0,0,-0.41139635488461984,0,0,0.0,2013,0
Hidemi Mihara,0.0,1.0,0.0,0.0,0.0,1.0,0.0,0.0,1.0,No specific target,No specific vulnerability,1,2.0,0.0,0,0.0,0,0,-0.41139635488461984,0,0,0.0,2015,0
Abdulkadirov Magomed,0.0,2.0,0.0,0.0,0.0,1.0,0.0,0.0,2.0,No specific target,No specific vulnerability,1,1.0,0.5,1,0.5,0,0,-0.3158473193753989,0,0,0.0,2015,0
Perttu Terpponnen,0.0,1.0,0.0,0.0,0.0,1.0,0.0,0.0,1.0,No specific target,Neck,1,3.0,0.0,0,0.0,0,0,-0.41139635488461984,0,0,0.0,2022,0
Teemu Launis,0.0,1.0,0.0,0.0,0.0,1.0,0.0,0.0,1.0,No specific target,Other/Unknown,1,0.0,0.0,0,0.0,0,0,-0.41139635488461984,0,0,0.0,2003,0
Mario Delgado,0.0,1.0,0.0,0.0,0.0,1.0,0.0,0.0,1.0,No specific target,Neck,1,0.0,0.0,0,0.0,0,0,-0.41139635488461984,0,0,0.0,2005,0
Darrel Moodley,0.0,1.0,0.0,0.0,0.0,1.0,0.0,0.0,1.0,No specific target,Other/Unknown,1,0.0,0.0,0,0.0,0,0,-0.41139635488461984,0,0,0.0,2007,0
Kouhei Yasumi,0.0,1.0,0.0,0.0,0.0,1.0,0.0,0.0,1.0,No specific target,Neck,1,0.0,0.0,0,0.0,0,0,-0.41139635488461984,0,0,0.0,2009,0
Frank Trigg,0.0,1.0,0.0,0.0,0.0,1.0,0.0,0.0,1.0,No specific target,No specific vulnerability,1,1.0,0.0,0,0.0,0,0,-0.41139635488461984,0,0,0.0,1998,0
Rodrigo Modrias,0.0,1.0,0.0,0.0,0.0,1.0,0.0,0.0,1.0,No specific target,No specific vulnerability,1,1.0,1.0,1,0.0,0,0,-0.3158473193753989,0,0,0.0,1998,0
Fabiano Iha,0.0,1.0,0.0,0.0,0.0,1.0,0.0,0.0,1.0,No specific target,No specific vulnerability,1,1.0,2.0,2,0.0,0,0,-0.02920021284773601,0,0,0.0,1998,0
Israel Albuquerque,0.0,1.0,0.0,0.0,0.0,1.0,0.0,0.0,1.0,No specific target,No specific vulnerability,1,1.0,1.0,1,0.0,0,0,-0.3158473193753989,0,0,0.0,2000,0
Chris Brown,0.0,2.0,0.0,0.0,0.0,1.0,0.0,0.0,2.0,No specific target,No specific vulnerability,1,1.0,1.5,3,0.0,0,0,0.44854496469836874,0,0,0.0,2001,0
G. Sotiropoulos,0.0,1.0,0.0,0.0,0.0,1.0,0.0,0.0,1.0,No specific target,No specific vulnerability,1,1.0,0.0,0,0.0,0,0,-0.41139635488461984,0,0,0.0,2003,0
Josh Barnet,0.0,1.0,0.0,0.0,0.0,1.0,0.0,0.0,1.0,No specific target,Neck,1,,0.0,0,1.0,0,0,-0.41139635488461984,0,0,0.0,2000,0
Y. Setsenko,0.0,1.0,0.0,0.0,0.0,1.0,0.0,0.0,1.0,No specific target,Neck,1,3.0,0.0,0,0.0,0,0,-0.41139635488461984,0,0,0.0,2001,0
Marshurenko,0.0,1.0,0.0,0.0,0.0,1.0,0.0,0.0,1.0,No specific target,No specific vulnerability,1,,0.0,0,1.0,0,0,-0.41139635488461984,0,0,0.0,2001,0
M. Van,0.0,1.0,0.0,0.0,0.0,1.0,0.0,0.0,1.0,No specific target,Arm,1,,1.0,1,1.0,0,0,-0.3158473193753989,0,0,0.0,2001,0
Andy Reese,0.0,1.0,0.0,0.0,0.0,1.0,0.0,0.0,1.0,No specific target,No specific vulnerability,1,2.0,1.0,1,0.0,0,0,-0.3158473193753989,0,0,0.0,2003,0
R. Babalu,0.0,1.0,0.0,0.0,0.0,1.0,0.0,0.0,1.0,No specific target,No specific vulnerability,1,3.0,1.0,1,0.0,0,0,-0.3158473193753989,0,0,0.0,2001,0
Roger Neff,0.0,2.0,0.0,0.0,0.0,1.0,0.0,0.0,2.0,No specific target,Leg,1,4.0,0.5,1,0.5,0,0,-0.3158473193753989,0,0,0.0,2001,0
Luis Orlando,0.0,1.0,0.0,0.0,0.0,1.0,0.0,0.0,1.0,No specific target,No specific vulnerability,1,2.0,1.0,1,0.0,0,0,-0.3158473193753989,0,0,0.0,1999,0
Toshiyuki Oyama,0.0,1.0,0.0,0.0,0.0,1.0,0.0,0.0,1.0,No specific target,Neck,1,2.0,0.0,0,0.0,0,0,-0.41139635488461984,0,0,0.0,2000,0
Yuta Sasaki,0.0,1.0,0.0,0.0,0.0,1.0,0.0,0.0,1.0,No specific target,Neck,1,0.0,0.0,0,0.0,0,0,-0.41139635488461984,0,0,0.0,2013,0
Travis Lutter,0.0,2.0,0.0,0.0,0.0,1.0,0.0,0.0,2.0,No specific target,No specific vulnerability,1,2.0,0.0,0,0.0,0,0,-0.41139635488461984,0,0,0.0,2000,0
Jerry Bolander,0.0,2.0,0.0,0.0,0.0,1.0,0.0,0.0,2.0,No specific target,No specific vulnerability,1,2.0,0.5,1,0.0,0,0,-0.3158473193753989,0,0,0.0,1999,0
Pete Williams,0.0,1.0,0.0,0.0,0.0,1.0,0.0,0.0,1.0,No specific target,No specific vulnerability,1,4.0,1.0,1,0.0,0,0,-0.3158473193753989,0,0,0.0,2000,0
Yuki Ozawa,0.0,1.0,0.0,0.0,0.0,1.0,0.0,0.0,1.0,No specific target,No specific vulnerability,1,3.0,0.0,0,0.0,0,0,-0.41139635488461984,0,0,0.0,2003,0
Asa Fuller,0.0,1.0,0.0,0.0,0.0,1.0,0.0,0.0,1.0,No specific target,No specific vulnerability,1,4.0,1.0,1,0.0,0,0,-0.3158473193753989,0,0,0.0,2009,0
Sekine Hideki,0.0,1.0,0.0,0.0,0.0,1.0,0.0,0.0,1.0,No specific target,Arm,1,4.0,0.0,0,0.0,0,0,-0.41139635488461984,0,0,0.0,2011,0
Mike Martelle,0.0,1.0,0.0,0.0,0.0,1.0,0.0,0.0,1.0,No specific target,Arm,1,4.0,0.0,0,0.0,0,0,-0.41139635488461984,0,0,0.0,2013,0
Kamil Huminski,0.0,1.0,0.0,0.0,0.0,1.0,0.0,0.0,1.0,No specific target,No specific vulnerability,1,,0.0,0,1.0,0,0,-0.41139635488461984,0,0,0.0,2013,0
Khazmat Stambulov,0.0,1.0,0.0,0.0,0.0,1.0,0.0,0.0,1.0,No specific target,No specific vulnerability,1,4.0,0.0,0,0.0,0,0,-0.41139635488461984,0,0,0.0,2017,0
Jurie Rachel,0.0,1.0,0.0,0.0,0.0,1.0,0.0,0.0,1.0,No specific target,Other/Unknown,1,3.0,0.0,0,0.0,0,0,-0.41139635488461984,0,0,0.0,1999,0
Luis Roberto,0.0,1.0,0.0,0.0,0.0,1.0,0.0,0.0,1.0,No specific target,No specific vulnerability,1,,1.0,1,1.0,0,0,-0.3158473193753989,0,0,0.0,1999,0
Hiroyuko Abe,0.0,1.0,0.0,0.0,0.0,1.0,0.0,0.0,1.0,No specific target,Neck,1,0.0,0.0,0,0.0,0,0,-0.41139635488461984,0,0,0.0,2001,0
Joe Guilbert,0.0,1.0,0.0,0.0,0.0,1.0,0.0,0.0,1.0,No specific target,No specific vulnerability,1,0.0,1.0,1,0.0,0,0,-0.3158473193753989,0,0,0.0,2001,0
Greger Forsel,0.0,1.0,0.0,0.0,0.0,1.0,0.0,0.0,1.0,No specific target,No specific vulnerability,1,0.0,0.0,0,0.0,0,0,-0.41139635488461984,0,0,0.0,2011,0
Joseph Lee,0.0,1.0,0.0,0.0,0.0,1.0,0.0,0.0,1.0,No specific target,Arm,1,3.0,0.0,0,0.0,0,0,-0.41139635488461984,0,0,0.0,2011,0
Adrian Serrano,0.0,1.0,0.0,0.0,0.0,1.0,0.0,0.0,1.0,No specific target,Neck,1,2.0,0.0,0,0.0,0,0,-0.41139635488461984,0,0,0.0,1998,0
Carlos Newton,0.0,1.0,0.0,0.0,0.0,1.0,0.0,0.0,1.0,No specific target,No specific vulnerability,1,2.0,1.0,1,0.0,0,0,-0.3158473193753989,0,0,0.0,1998,0
Ahmad Faraj,0.0,1.0,0.0,0.0,0.0,1.0,0.0,0.0,1.0,No specific target,Arm,1,2.0,2.0,2,0.0,0,0,-0.02920021284773601,0,0,0.0,1998,0
Gavin Kulper,0.0,1.0,0.0,0.0,0.0,1.0,0.0,0.0,1.0,No specific target,Other/Unknown,1,1.0,1.0,1,0.0,0,0,-0.3158473193753989,0,0,0.0,2001,0
Nathan Marquardt,0.0,1.0,0.0,0.0,0.0,1.0,0.0,0.0,1.0,No specific target,No specific vulnerability,1,2.0,0.0,0,0.0,0,0,-0.41139635488461984,0,0,0.0,2003,0
Justin Garcia,0.0,1.0,0.0,0.0,0.0,1.0,0.0,0.0,1.0,No specific target,Neck,1,3.0,0.0,0,0.0,0,0,-0.41139635488461984,0,0,0.0,2005,0
Jon Einemo,0.0,1.0,0.0,0.0,0.0,1.0,0.0,0.0,1.0,No specific target,No specific vulnerability,1,,5.0,5,1.0,0,0,1.977329532845904,0,0,0.0,2007,0
Travers Grubb,0.0,1.0,0.0,0.0,0.0,1.0,0.0,0.0,1.0,No specific target,No specific vulnerability,1,2.0,0.0,0,0.0,0,0,-0.41139635488461984,0,0,0.0,2007,0
Kim Dong,0.0,1.0,0.0,0.0,0.0,1.0,0.0,0.0,1.0,No specific target,Leg,1,2.0,0.0,0,0.0,0,0,-0.41139635488461984,0,0,0.0,2013,0
C. Jones,0.0,1.0,0.0,0.0,0.0,1.0,0.0,0.0,1.0,No specific target,Arm,1,2.0,0.0,0,0.0,0,0,-0.41139635488461984,0,0,0.0,2015,0
Nieman Gracie,0.0,1.0,0.0,0.0,0.0,1.0,0.0,0.0,1.0,No specific target,Arm,1,2.0,1.0,1,0.0,0,0,-0.3158473193753989,0,0,0.0,2015,0
David Bielkheden,0.0,1.0,0.0,0.0,0.0,1.0,0.0,0.0,1.0,No specific target,Arm,1,2.0,0.0,0,0.0,0,0,-0.41139635488461984,0,0,0.0,2005,0
Dennis Hallman,0.0,3.0,0.0,0.0,0.0,1.0,0.0,0.0,3.0,No specific target,Arm,1,2.0,1.6666666666666667,3,0.0,0,0,0.8307411067352526,0,0,0.0,2000,0
Joao Roque,0.0,1.0,0.0,0.0,0.0,1.0,0.0,0.0,1.0,No specific target,No specific vulnerability,1,0.0,1.0,1,0.0,0,0,-0.3158473193753989,0,0,0.0,1999,0
James Harbison,0.0,1.0,0.0,0.0,0.0,1.0,0.0,0.0,1.0,No specific target,No specific vulnerability,1,2.0,0.0,0,0.0,0,0,-0.41139635488461984,0,0,0.0,2011,0
Dan Schon,0.0,1.0,0.0,0.0,0.0,1.0,0.0,0.0,1.0,No specific target,Leg,1,2.0,0.0,0,0.0,0,0,-0.41139635488461984,0,0,0.0,2011,0
Juan Valles,0.0,1.0,0.0,0.0,0.0,1.0,0.0,0.0,1.0,No specific target,Neck,1,0.0,0.0,0,0.0,0,0,-0.41139635488461984,0,0,0.0,1999,0
Melchor M.,0.0,1.0,0.0,0.0,0.0,1.0,0.0,0.0,1.0,No specific target,No specific vulnerability,1,0.0,2.0,2,0.0,0,0,-0.02920021284773601,0,0,0.0,1999,0
A. Hamlet,0.0,1.0,0.0,0.0,0.0,1.0,0.0,0.0,1.0,No specific target,No specific vulnerability,1,0.0,2.0,2,0.0,0,0,-0.02920021284773601,0,0,0.0,2000,0
Martin Brown,0.0,1.0,0.0,0.0,0.0,1.0,0.0,0.0,1.0,No specific target,Neck,1,0.0,0.0,0,0.0,0,0,-0.41139635488461984,0,0,0.0,2001,0
Mike Cardosa,0.0,1.0,0.0,0.0,0.0,1.0,0.0,0.0,1.0,No specific target,Leg,1,0.0,1.0,1,0.0,0,0,-0.3158473193753989,0,0,0.0,2001,0
Charles Pearson,0.0,1.0,0.0,0.0,0.0,1.0,0.0,0.0,1.0,No specific target,Neck,1,0.0,0.0,0,0.0,0,0,-0.41139635488461984,0,0,0.0,2003,0
Hiroshi Nakamura,0.0,1.0,0.0,0.0,0.0,1.0,0.0,0.0,1.0,No specific target,Arm,1,0.0,0.0,0,0.0,0,0,-0.41139635488461984,0,0,0.0,2009,0
Joel Tudor,0.0,1.0,0.0,0.0,0.0,1.0,0.0,0.0,1.0,No specific target,Neck,1,0.0,1.0,1,0.0,0,0,-0.3158473193753989,0,0,0.0,2009,0
David Marinakis,0.0,1.0,0.0,0.0,0.0,1.0,0.0,0.0,1.0,No specific target,Neck,1,0.0,0.0,0,0.0,0,0,-0.41139635488461984,0,0,0.0,2011,0
Tezekbaev Rasul,0.0,1.0,0.0,0.0,0.0,1.0,0.0,0.0,1.0,No specific target,Neck,1,0.0,0.0,0,0.0,0,0,-0.41139635488461984,0,0,0.0,2015,0
U. Zhakshylyk,0.0,1.0,0.0,0.0,0.0,1.0,0.0,0.0,1.0,No specific target,No specific vulnerability,1,0.0,0.0,0,0.0,0,0,-0.41139635488461984,0,0,0.0,2017,0
Vernon White,0.0,1.0,0.0,0.0,0.0,1.0,0.0,0.0,1.0,No specific target,No specific vulnerability,1,3.0,1.0,1,0.0,0,0,-0.3158473193753989,0,0,0.0,1999,0
Dave Menne,0.0,1.0,0.0,0.0,0.0,1.0,0.0,0.0,1.0,No specific target,Neck,1,2.0,1.0,1,0.0,0,0,-0.3158473193753989,0,0,0.0,2000,0
R. Anderson,0.0,1.0,0.0,0.0,0.0,1.0,0.0,0.0,1.0,No specific target,No specific vulnerability,1,2.0,1.0,1,0.0,0,0,-0.3158473193753989,0,0,0.0,2001,0
T. Yano,0.0,3.0,0.0,0.0,0.0,1.0,0.0,0.0,3.0,No specific target,Neck,1,0.0,0.3333333333333333,1,0.3333333333333333,0,0,-0.3158473193753989,0,0,0.0,2000,0
Yuki Sasaki,0.0,1.0,0.0,0.0,0.0,1.0,0.0,0.0,1.0,No specific target,No specific vulnerability,1,2.0,0.0,0,0.0,0,0,-0.41139635488461984,0,0,0.0,2003,0
L. Papadopoulis,0.0,1.0,0.0,0.0,0.0,1.0,0.0,0.0,1.0,No specific target,No specific vulnerability,1,2.0,0.0,0,0.0,0,0,-0.41139635488461984,0,0,0.0,2005,0
Kouji Kanechika,0.0,1.0,0.0,0.0,0.0,1.0,0.0,0.0,1.0,No specific target,No specific vulnerability,1,4.0,0.0,0,0.0,0,0,-0.41139635488461984,0,0,0.0,2009,0
Jorge Santiago,0.0,1.0,0.0,0.0,0.0,1.0,0.0,0.0,1.0,No specific target,No specific vulnerability,1,2.0,0.0,0,0.0,0,0,-0.41139635488461984,0,0,0.0,2007,0
I. Praporshchikov,0.0,1.0,0.0,0.0,0.0,1.0,0.0,0.0,1.0,No specific target,No specific vulnerability,1,2.0,0.0,0,0.0,0,0,-0.41139635488461984,0,0,0.0,2009,0
Jose Junior,0.0,1.0,0.0,0.0,0.0,1.0,0.0,0.0,1.0,No specific target,Leg,1,4.0,1.0,1,0.0,0,0,-0.3158473193753989,0,0,0.0,2011,0
Milton Vieira,0.0,1.0,0.0,0.0,0.0,1.0,0.0,0.0,1.0,No specific target,No specific vulnerability,1,1.0,0.0,0,0.0,0,0,-0.41139635488461984,0,0,0.0,2015,0
Isaak Michel,0.0,1.0,0.0,0.0,0.0,1.0,0.0,0.0,1.0,No specific target,No specific vulnerability,1,2.0,0.0,0,0.0,0,0,-0.41139635488461984,0,0,0.0,2022,0
Sanshiro Nakamura,0.0,1.0,0.0,0.0,0.0,1.0,0.0,0.0,1.0,No specific target,No specific vulnerability,1,1.0,0.0,0,0.0,0,0,-0.41139635488461984,0,0,0.0,2011,0
Chris Wideman,0.0,1.0,0.0,0.0,0.0,1.0,0.0,0.0,1.0,No specific target,Arm,1,,1.0,1,1.0,0,0,-0.3158473193753989,0,0,0.0,2009,0
Luke Costello,0.0,1.0,0.0,0.0,0.0,1.0,0.0,0.0,1.0,No specific target,No specific vulnerability,1,4.0,0.0,0,0.0,0,0,-0.41139635488461984,0,0,0.0,2011,0
Wang Yan,0.0,1.0,0.0,0.0,0.0,1.0,0.0,0.0,1.0,No specific target,Leg,1,4.0,0.0,0,0.0,0,0,-0.41139635488461984,0,0,0.0,2013,0
P. Ardilla,0.0,1.0,0.0,0.0,0.0,1.0,0.0,0.0,1.0,No specific target,Leg,1,4.0,0.0,0,0.0,0,0,-0.41139635488461984,0,0,0.0,2015,0
Rumina Sato,0.0,1.0,0.0,0.0,0.0,1.0,0.0,0.0,1.0,No specific target,No specific vulnerability,1,1.0,0.0,0,0.0,0,0,-0.41139635488461984,0,0,0.0,2000,0
Fernando Vieira,0.0,1.0,0.0,0.0,0.0,1.0,0.0,0.0,1.0,No specific target,No specific vulnerability,1,2.0,1.0,1,0.0,0,0,-0.3158473193753989,0,0,0.0,2003,0
Hanette Staack,0.0,1.0,0.0,0.0,0.0,1.0,0.0,0.0,1.0,No specific target,No specific vulnerability,1,4.0,4.0,4,0.0,0,0,1.1173882132629154,0,0,0.0,2011,1
Jessica Flowers,0.0,1.0,0.0,0.0,0.0,1.0,0.0,0.0,1.0,No specific target,No specific vulnerability,1,4.0,2.0,2,0.0,0,0,-0.02920021284773601,0,0,0.0,2017,1
Akira Soji,0.0,1.0,0.0,0.0,0.0,1.0,0.0,0.0,1.0,No specific target,Arm,1,,1.0,1,1.0,0,0,-0.3158473193753989,0,0,0.0,2003,0
Otto Olsen,0.0,1.0,0.0,0.0,0.0,1.0,0.0,0.0,1.0,No specific target,Neck,1,1.0,4.0,4,0.0,0,0,1.1173882132629154,0,0,0.0,2003,0
Renan Sancar,0.0,1.0,0.0,0.0,0.0,1.0,0.0,0.0,1.0,No specific target,No specific vulnerability,1,0.0,1.0,1,0.0,0,0,-0.3158473193753989,0,0,0.0,2015,0
Mateusz Garmot,0.0,1.0,0.0,0.0,0.0,1.0,0.0,0.0,1.0,No specific target,Neck,1,1.0,0.0,0,0.0,0,0,-0.41139635488461984,0,0,0.0,2019,0
Kaynan D.,0.0,1.0,0.0,0.0,0.0,1.0,0.0,0.0,1.0,No specific target,Leg,1,2.0,1.0,1,0.0,0,0,-0.3158473193753989,0,0,0.0,2017,0
Jayson Patino,0.0,1.0,0.0,0.0,0.0,1.0,0.0,0.0,1.0,No specific target,Neck,1,0.0,0.0,0,0.0,0,0,-0.41139635488461984,0,0,0.0,2009,0
Mraz Avdoyan,0.0,1.0,0.0,0.0,0.0,1.0,0.0,0.0,1.0,No specific target,No specific vulnerability,1,3.0,0.0,0,0.0,0,0,-0.41139635488461984,0,0,0.0,2019,0
Rodrigo Minotauro,0.0,1.0,0.0,0.0,0.0,1.0,0.0,0.0,1.0,No specific target,Leg,1,4.0,1.0,1,0.0,0,0,-0.3158473193753989,0,0,0.0,2000,0
Tobias G,0.0,1.0,0.0,0.0,0.0,1.0,0.0,0.0,1.0,No specific target,No specific vulnerability,1,3.0,0.0,0,0.0,0,0,-0.41139635488461984,0,0,0.0,2015,0
Kari Petola,0.0,1.0,0.0,0.0,0.0,1.0,0.0,0.0,1.0,No specific target,No specific vulnerability,1,3.0,0.0,0,0.0,0,0,-0.41139635488461984,0,0,0.0,2011,0
Adele Fornarino,0.0,1.0,0.0,0.0,0.0,1.0,0.0,0.0,1.0,No specific target,Neck,1,0.0,1.0,1,0.0,0,0,-0.3158473193753989,0,0,0.0,2022,1
Ryan Harvey,0.0,1.0,0.0,0.0,0.0,1.0,0.0,0.0,1.0,No specific target,Neck,1,1.0,0.0,0,0.0,0,0,-0.41139635488461984,0,0,0.0,1999,0
Tom Barlow,0.0,1.0,0.0,0.0,0.0,1.0,0.0,0.0,1.0,No specific target,No specific vulnerability,1,0.0,0.0,0,0.0,0,0,-0.41139635488461984,0,0,0.0,2011,0
Janne Pietilainen,0.0,1.0,0.0,0.0,0.0,1.0,0.0,0.0,1.0,No specific target,No specific vulnerability,1,4.0,1.0,1,0.0,0,0,-0.3158473193753989,0,0,0.0,2013,0
Ricardo Alves,0.0,1.0,0.0,0.0,0.0,1.0,0.0,0.0,1.0,No specific target,No specific vulnerability,1,3.0,4.0,4,0.0,0,0,1.1173882132629154,0,0,0.0,1998,0
Sim Go,0.0,1.0,0.0,0.0,0.0,1.0,0.0,0.0,1.0,No specific target,No specific vulnerability,1,1.0,0.0,0,0.0,0,0,-0.41139635488461984,0,0,0.0,2007,0
Jason White,0.0,1.0,0.0,0.0,0.0,1.0,0.0,0.0,1.0,No specific target,Arm,1,4.0,0.0,0,0.0,0,0,-0.41139635488461984,0,0,0.0,2005,0
Damon Ramos,0.0,1.0,0.0,0.0,0.0,1.0,0.0,0.0,1.0,No specific target,No specific vulnerability,1,4.0,0.0,0,0.0,0,0,-0.41139635488461984,0,0,0.0,2022,0
Roan Jucao,0.0,1.0,0.0,0.0,0.0,1.0,0.0,0.0,1.0,No specific target,No specific vulnerability,1,1.0,1.0,1,0.0,0,0,-0.3158473193753989,0,0,0.0,2005,0
Bruno Chavez,0.0,1.0,0.0,0.0,0.0,1.0,0.0,0.0,1.0,No specific target,No specific vulnerability,1,0.0,1.0,1,0.0,0,0,-0.3158473193753989,0,0,0.0,2007,0
Luis Brito,0.0,1.0,0.0,0.0,0.0,1.0,0.0,0.0,1.0,No specific target,Neck,1,1.0,4.0,4,0.0,0,0,1.1173882132629154,0,0,0.0,1998,0
Fan Yi,0.0,1.0,0.0,0.0,0.0,1.0,0.0,0.0,1.0,No specific target,Other/Unknown,1,2.0,0.0,0,0.0,0,0,-0.41139635488461984,0,0,0.0,1999,0
H. Kanehara,0.0,1.0,0.0,0.0,0.0,1.0,0.0,0.0,1.0,No specific target,Leg,1,3.0,0.0,0,0.0,0,0,-0.41139635488461984,0,0,0.0,2000,0
R. Mashurenko,0.0,1.0,0.0,0.0,0.0,1.0,0.0,0.0,1.0,No specific target,No specific vulnerability,1,3.0,0.0,0,0.0,0,0,-0.41139635488461984,0,0,0.0,2001,0
Tamura,0.0,1.0,0.0,0.0,0.0,1.0,0.0,0.0,1.0,No specific target,Arm,1,2.0,0.0,0,0.0,0,0,-0.41139635488461984,0,0,0.0,2001,0
Hudson Taylor,0.0,1.0,0.0,0.0,0.0,1.0,0.0,0.0,1.0,No specific target,No specific vulnerability,1,4.0,0.0,0,0.0,0,0,-0.41139635488461984,0,0,0.0,2019,0
F. Capoane,0.0,1.0,0.0,0.0,0.0,1.0,0.0,0.0,1.0,No specific target,No specific vulnerability,1,,0.0,0,1.0,0,0,-0.41139635488461984,0,0,0.0,1999,0
Adam Sachnoff,0.0,1.0,0.0,0.0,0.0,1.0,0.0,0.0,1.0,No specific target,Neck,1,3.0,0.0,0,0.0,0,0,-0.41139635488461984,0,0,0.0,2015,0
Genki Sudo,0.0,1.0,0.0,0.0,0.0,1.0,0.0,0.0,1.0,No specific target,No specific vulnerability,1,1.0,0.0,0,0.0,0,0,-0.41139635488461984,0,0,0.0,2001,0
Robert Sulski,0.0,1.0,0.0,0.0,0.0,1.0,0.0,0.0,1.0,No specific target,Neck,1,2.0,1.0,1,0.0,0,0,-0.3158473193753989,0,0,0.0,2005,0
J. Wakabayashi,0.0,1.0,0.0,0.0,0.0,1.0,0.0,0.0,1.0,No specific target,No specific vulnerability,1,0.0,1.0,1,0.0,0,0,-0.3158473193753989,0,0,0.0,2000,0
D. Hemmings,0.0,1.0,0.0,0.0,0.0,1.0,0.0,0.0,1.0,No specific target,Neck,1,0.0,0.0,0,0.0,0,0,-0.41139635488461984,0,0,0.0,2013,0
Takefuni Hanai,0.0,1.0,0.0,0.0,0.0,1.0,0.0,0.0,1.0,No specific target,Other/Unknown,1,1.0,0.0,0,0.0,0,0,-0.41139635488461984,0,0,0.0,2007,0
Dan Manasoiu,0.0,1.0,0.0,0.0,0.0,1.0,0.0,0.0,1.0,No specific target,No specific vulnerability,1,4.0,0.0,0,0.0,0,0,-0.41139635488461984,0,0,0.0,2022,0
Livia Giles,0.0,1.0,0.0,0.0,0.0,1.0,0.0,0.0,1.0,No specific target,Neck,1,0.0,1.0,1,0.0,0,0,-0.3158473193753989,0,0,0.0,2019,1
Roman Dolidze,0.0,1.0,0.0,0.0,0.0,1.0,0.0,0.0,1.0,No specific target,No specific vulnerability,1,3.0,0.0,0,0.0,0,0,-0.41139635488461984,0,0,0.0,2017,0
Hector Lombard,0.0,1.0,0.0,0.0,0.0,1.0,0.0,0.0,1.0,No specific target,No specific vulnerability,1,3.0,1.0,1,0.0,0,0,-0.3158473193753989,0,0,0.0,2015,0
Asadulaev Surkhay,0.0,1.0,0.0,0.0,0.0,1.0,0.0,0.0,1.0,No specific target,Leg,1,0.0,0.0,0,0.0,0,0,-0.41139635488461984,0,0,0.0,2015,0
Marcio Cromado,0.0,1.0,0.0,0.0,0.0,1.0,0.0,0.0,1.0,No specific target,Neck,1,1.0,0.0,0,0.0,0,0,-0.41139635488461984,0,0,0.0,2000,0
Bob Schirmer,0.0,1.0,0.0,0.0,0.0,1.0,0.0,0.0,1.0,No specific target,Neck,1,1.0,0.0,0,0.0,0,0,-0.41139635488461984,0,0,0.0,2000,0
Chris Brennan,0.0,1.0,0.0,0.0,0.0,1.0,0.0,0.0,1.0,No specific target,No specific vulnerability,1,1.0,0.0,0,0.0,0,0,-0.41139635488461984,0,0,0.0,2005,0
Gao Hua,0.0,1.0,0.0,0.0,0.0,1.0,0.0,0.0,1.0,No specific target,Other/Unknown,1,3.0,0.0,0,0.0,0,0,-0.41139635488461984,0,0,0.0,1999,0
Mourat Ozov,0.0,1.0,0.0,0.0,0.0,1.0,0.0,0.0,1.0,No specific target,Neck,1,3.0,0.0,0,0.0,0,0,-0.41139635488461984,0,0,0.0,1999,0
Rodrigo Artilheiro,0.0,1.0,0.0,0.0,0.0,1.0,0.0,0.0,1.0,No specific target,Other/Unknown,1,4.0,1.0,1,0.0,0,0,-0.3158473193753989,0,0,0.0,2015,0
K. Toida,0.0,1.0,0.0,0.0,0.0,1.0,0.0,0.0,1.0,No specific target,Neck,1,0.0,0.0,0,0.0,0,0,-0.41139635488461984,0,0,0.0,2003,0
Davis Heart,0.0,1.0,0.0,0.0,0.0,1.0,0.0,0.0,1.0,No specific target,Neck,1,1.0,0.0,0,0.0,0,0,-0.41139635488461984,0,0,0.0,2011,0
Davion Peterson,0.0,1.0,0.0,0.0,0.0,1.0,0.0,0.0,1.0,No specific target,Neck,1,2.0,0.0,0,0.0,0,0,-0.41139635488461984,0,0,0.0,2003,0
Manu Garcia,0.0,1.0,0.0,0.0,0.0,1.0,0.0,0.0,1.0,No specific target,No specific vulnerability,1,2.0,0.0,0,0.0,0,0,-0.41139635488461984,0,0,0.0,2000,0
Dan Martinez,0.0,1.0,0.0,0.0,0.0,1.0,0.0,0.0,1.0,No specific target,No specific vulnerability,1,3.0,0.0,0,0.0,0,0,-0.41139635488461984,0,0,0.0,2019,0
Jason Brudvik,0.0,1.0,0.0,0.0,0.0,1.0,0.0,0.0,1.0,No specific target,No specific vulnerability,1,1.0,0.0,0,0.0,0,0,-0.41139635488461984,0,0,0.0,2005,0
Jason Ramsterrer,0.0,1.0,0.0,0.0,0.0,1.0,0.0,0.0,1.0,No specific target,Neck,1,1.0,0.0,0,0.0,0,0,-0.41139635488461984,0,0,0.0,2003,0
Jesse Urholin,0.0,1.0,0.0,0.0,0.0,1.0,0.0,0.0,1.0,No specific target,No specific vulnerability,1,2.0,0.0,0,0.0,0,0,-0.41139635488461984,0,0,0.0,2017,0
Amanda Leve,0.0,1.0,0.0,0.0,0.0,1.0,0.0,0.0,1.0,No specific target,Neck,1,4.0,1.0,1,0.0,0,0,-0.3158473193753989,0,0,0.0,2019,1
Rodrigo Caporal,0.0,1.0,0.0,0.0,0.0,1.0,0.0,0.0,1.0,No specific target,No specific vulnerability,1,2.0,0.0,0,0.0,0,0,-0.41139635488461984,0,0,0.0,2013,0
William Tackett,0.0,1.0,0.0,0.0,0.0,1.0,0.0,0.0,1.0,No specific target,Leg,1,1.0,0.0,0,0.0,0,0,-0.41139635488461984,0,0,0.0,2022,0
Mayssa Bastos,0.0,1.0,0.0,0.0,0.0,1.0,0.0,0.0,1.0,No specific target,No specific vulnerability,1,0.0,1.0,1,0.0,0,0,-0.3158473193753989,0,0,0.0,2022,1
